Question,Top_1_Text,Top_2_Text,Top_3_Text,Context,Section,Doc_Name,Doc_Type,Hit_Rate,MRR,Recall
การกำหนดประเด็นการตรวจสอบ เกณฑ์ที่ใช้ในการตรวจสอบ และแนวทางการตรวจสอบ รวมถึงระยะเวลาในการดำเนินการ กรณีเรื่องที่คัดเลือกมาจากการประเมินความเสี่ยงของหน่วยรับตรวจ ให้ดำเนินการอย่างไร,"[ระเบียบ] ระเบียบสำนักงานการตรวจเงินแผ่นดินว่าด้วยการตรวจสอบการปฏิบัติตามกฎหมาย พ.ศ. 2566 (ข้อ ๙)
ข้อ ๙ เรื่องที่คัดเลือกมาจากการประเมินความเสี่ยงของหน่วยรับตรวจตามข้อ ๘ (๑) เจ้าหน้าที่ตรวจสอบควรศึกษา รวบรวมข้อมูล และพิจารณาคัดเลือกงาน โครงการ สัญญาและกิจกรรมของหน่วยรับตรวจที่เห็นว่ามีความสำคัญควรได้รับการตรวจสอบ และจัดลำดับความสำคัญของงาน โครงการ สัญญา และกิจกรรมที่จะตรวจสอบตามระดับความเสี่ยงที่ประเมินได้ก่อนที่จะพิจารณาคัดเลือกงาน โครงการ สัญญา และกิจกรรม ตามวิธีการที่สำนักงานกำหนด เพื่อตรวจสอบตามหมวด ๒ ต่อไป

--- RELATED DOCS ---
[แนวทาง] แนวทางการประเมินความเสี่ยง
ด้วยตามระเบียบสำนักงานการตรวจเงินแผ่นดินว่าด้วยการตรวจสอบการปฏิบัติตามกฎหมาย พ.ศ. ๒๕๖๖ ข้อ ๘ กำหนดเรื่องที่สำนักงานอาจพิจารณารับไว้ตรวจสอบการปฏิบัติตามกฎหมาย (๑) เรื่องที่คัดเลือกมาจากการประเมินความเสี่ยงของหน่วยรับตรวจ และข้อ ๙ เรื่องที่คัดเลือกมาจากการประเมินความเสี่ยงของหน่วยรับตรวจตามข้อ ๘ (๑) เจ้าหน้าที่ตรวจสอบควรศึกษา รวบรวมข้อมูล และพิจารณาคัดเลือกงานโครงการ สัญญาและกิจกรรมของหน่วยรับตรวจที่เห็นว่ามีความสำคัญควรได้รับการตรวจสอบ และจัดลำดับความสำคัญของงาน โครงการ สัญญา และกิจกรรมที่จะตรวจสอบตามระดับความเสี่ยงที่ประเมินได้ก่อนที่จะพิจารณาคัดเลือกงาน โครงการ สัญญา และกิจกรรม ตามวิธีการที่สำนักงานกำหนด เพื่อตรวจสอบตามหมวด ๒ ต่อไป ดังนั้นเพื่อให้การประเมินความเสี่ยงการตรวจสอบการปฏิบัติตามกฎหมายเป็นไปในแนวทางเดียวกัน จึงได้กำหนดแบบในการประเมินความเสี่ยงไว้ ดังนี้
๑. แบบประเมินความเสี่ยงเพื่อคัดเลือกหน่วยรับตรวจที่อยู่ในเขตอำนาจ สำหรับการตรวจสอบ การจัดให้ได้มาซึ่งทรัพย์สินและบริหารทรัพย์สินของรัฐ ตามแบบ ปม.๑
๒. แบบประเมินความเสี่ยงเพื่อคัดเลือกงาน โครงการ สัญญาและกิจกรรม สำหรับการตรวจสอบ การจัดให้ได้มาซึ่งทรัพย์สินและบริหารทรัพย์สินของรัฐ ตามแบบ ปม.๒
[แนวทาง] แนวทางการประเมินความเสี่ยง
ทั้งนี้ การประเมินความเสี่ยงเพื่อพิจารณาคัดเลือกหน่วยรับตรวจ และเพื่อพิจารณาคัดเลือกงาน โครงการ สัญญาและกิจกรรมของหน่วยรับตรวจ สำหรับการตรวจสอบรายจ่าย และการตรวจสอบรายได้ อาจนำแบบการประเมินความเสี่ยงตามคู่มือที่ใช้บังคับอยู่ในปัจจุบันทั้งส่วนกลางและส่วนภูมิภาค มาพิจารณาปรับใช้ได้ เช่น คู่มือการตรวจสอบการเงิน (ฉบับปรับปรุง พ.ศ. ๒๕๖๔) คู่มือการตรวจสอบการจัดเก็บรายได้ พ.ศ. ๒๕๖๕ เป็นต้น ประกอบกับตามพระราชบัญญัติประกอบรัฐธรรมนูญว่าด้วยการตรวจเงินแผ่นดิน พ.ศ. ๒๕๖๑ และพระราชบัญญัติวินัยการเงินการคลังของรัฐ พ.ศ. ๒๕๖๑ บัญญัติให้ผู้ว่าการตรวจเงินแผ่นดินหรือผู้ได้รับมอบหมายตรวจสอบรายงานการเงินที่หน่วยงานของรัฐส่งให้ตามกฎหมายว่าด้วยวินัยการเงินการคลังของรัฐ ทั้งหมด ซึ่งในการตรวจสอบรายงานการเงินดังกล่าว อาจพบความเสี่ยงต่อการไม่ปฏิบัติตามกฎหมาย ระเบียบ ข้อบังคับ มติคณะรัฐมนตรี แบบแผนการปฏิบัติราชการ หรืออาจก่อให้เกิดความเสียหายแก่ทางราชการ หรือทุจริต ดังนั้น การตรวจสอบงานในลักษณะดังกล่าวจึงอาจคัดเลือกหน่วยรับตรวจ และงาน โครงการ สัญญาและกิจกรรมของหน่วยรับตรวจที่ตรวจพบว่ามีความเสี่ยงมาตรวจสอบการปฏิบัติตามกฎหมายได้
","[ระเบียบ] ระเบียบสำนักงานการตรวจเงินแผ่นดินว่าด้วยการตรวจสอบการปฏิบัติตามกฎหมาย (ฉบับที่ 2) พ.ศ. 2568 (ข้อ ๙)
ข้อ ๙ เรื่องที่คัดเลือกมาจากการประเมินความเสี่ยงของหน่วยรับตรวจตามข้อ ๘ (๑) เจ้าหน้าที่ตรวจสอบควรศึกษา รวบรวมข้อมูล และพิจารณาคัดเลือกงาน โครงการ สัญญาและกิจกรรม ของหน่วยรับตรวจที่เห็นว่ามีความสำคัญควรได้รับการตรวจสอบ และจัดลำดับความสำคัญของงาน โครงการ สัญญา และกิจกรรมที่จะตรวจสอบตามระดับความเสี่ยงที่ประเมินได้ก่อนที่จะพิจารณา คัดเลือกงาน โครงการ สัญญา และกิจกรรม ตามวิธีการที่สำนักงานกำหนด เพื่อตรวจสอบ ตามหมวด ๒ ต่อไป

--- RELATED DOCS ---
[แนวทาง] แนวทางการประเมินความเสี่ยง
ด้วยตามระเบียบสำนักงานการตรวจเงินแผ่นดินว่าด้วยการตรวจสอบการปฏิบัติตามกฎหมาย พ.ศ. ๒๕๖๖ ข้อ ๘ กำหนดเรื่องที่สำนักงานอาจพิจารณารับไว้ตรวจสอบการปฏิบัติตามกฎหมาย (๑) เรื่องที่คัดเลือกมาจากการประเมินความเสี่ยงของหน่วยรับตรวจ และข้อ ๙ เรื่องที่คัดเลือกมาจากการประเมินความเสี่ยงของหน่วยรับตรวจตามข้อ ๘ (๑) เจ้าหน้าที่ตรวจสอบควรศึกษา รวบรวมข้อมูล และพิจารณาคัดเลือกงานโครงการ สัญญาและกิจกรรมของหน่วยรับตรวจที่เห็นว่ามีความสำคัญควรได้รับการตรวจสอบ และจัดลำดับความสำคัญของงาน โครงการ สัญญา และกิจกรรมที่จะตรวจสอบตามระดับความเสี่ยงที่ประเมินได้ก่อนที่จะพิจารณาคัดเลือกงาน โครงการ สัญญา และกิจกรรม ตามวิธีการที่สำนักงานกำหนด เพื่อตรวจสอบตามหมวด ๒ ต่อไป ดังนั้นเพื่อให้การประเมินความเสี่ยงการตรวจสอบการปฏิบัติตามกฎหมายเป็นไปในแนวทางเดียวกัน จึงได้กำหนดแบบในการประเมินความเสี่ยงไว้ ดังนี้
๑. แบบประเมินความเสี่ยงเพื่อคัดเลือกหน่วยรับตรวจที่อยู่ในเขตอำนาจ สำหรับการตรวจสอบ การจัดให้ได้มาซึ่งทรัพย์สินและบริหารทรัพย์สินของรัฐ ตามแบบ ปม.๑
๒. แบบประเมินความเสี่ยงเพื่อคัดเลือกงาน โครงการ สัญญาและกิจกรรม สำหรับการตรวจสอบ การจัดให้ได้มาซึ่งทรัพย์สินและบริหารทรัพย์สินของรัฐ ตามแบบ ปม.๒
[แนวทาง] แนวทางการประเมินความเสี่ยง
ทั้งนี้ การประเมินความเสี่ยงเพื่อพิจารณาคัดเลือกหน่วยรับตรวจ และเพื่อพิจารณาคัดเลือกงาน โครงการ สัญญาและกิจกรรมของหน่วยรับตรวจ สำหรับการตรวจสอบรายจ่าย และการตรวจสอบรายได้ อาจนำแบบการประเมินความเสี่ยงตามคู่มือที่ใช้บังคับอยู่ในปัจจุบันทั้งส่วนกลางและส่วนภูมิภาค มาพิจารณาปรับใช้ได้ เช่น คู่มือการตรวจสอบการเงิน (ฉบับปรับปรุง พ.ศ. ๒๕๖๔) คู่มือการตรวจสอบการจัดเก็บรายได้ พ.ศ. ๒๕๖๕ เป็นต้น ประกอบกับตามพระราชบัญญัติประกอบรัฐธรรมนูญว่าด้วยการตรวจเงินแผ่นดิน พ.ศ. ๒๕๖๑ และพระราชบัญญัติวินัยการเงินการคลังของรัฐ พ.ศ. ๒๕๖๑ บัญญัติให้ผู้ว่าการตรวจเงินแผ่นดินหรือผู้ได้รับมอบหมายตรวจสอบรายงานการเงินที่หน่วยงานของรัฐส่งให้ตามกฎหมายว่าด้วยวินัยการเงินการคลังของรัฐ ทั้งหมด ซึ่งในการตรวจสอบรายงานการเงินดังกล่าว อาจพบความเสี่ยงต่อการไม่ปฏิบัติตามกฎหมาย ระเบียบ ข้อบังคับ มติคณะรัฐมนตรี แบบแผนการปฏิบัติราชการ หรืออาจก่อให้เกิดความเสียหายแก่ทางราชการ หรือทุจริต ดังนั้น การตรวจสอบงานในลักษณะดังกล่าวจึงอาจคัดเลือกหน่วยรับตรวจ และงาน โครงการ สัญญาและกิจกรรมของหน่วยรับตรวจที่ตรวจพบว่ามีความเสี่ยงมาตรวจสอบการปฏิบัติตามกฎหมายได้
","[ระเบียบ] ระเบียบสำนักงานการตรวจเงินแผ่นดินว่าด้วยการตรวจสอบการปฏิบัติตามกฎหมาย พ.ศ. 2566 (ข้อ ๘)
ข้อ ๘ เรื่องที่สำนักงานอาจพิจารณารับไว้ตรวจสอบการปฏิบัติตามกฎหมาย มีดังต่อไปนี้
(๑) เรื่องที่คัดเลือกมาจากการประเมินความเสี่ยงของหน่วยรับตรวจ
(๒) เรื่องที่มาจากการร้องเรียน
(๓) เรื่องที่เป็นผลมาจากการตรวจสอบด้านอื่น
(๔) เรื่องที่ผู้ว่าการสั่งให้ตรวจสอบเฉพาะกรณี หรือสั่งให้ตรวจสอบตามที่กำหนดไว้ในแผนการตรวจสอบประจำปี

--- RELATED DOCS ---
[แนวทาง] แนวทางการประเมินความเสี่ยง
ด้วยตามระเบียบสำนักงานการตรวจเงินแผ่นดินว่าด้วยการตรวจสอบการปฏิบัติตามกฎหมาย พ.ศ. ๒๕๖๖ ข้อ ๘ กำหนดเรื่องที่สำนักงานอาจพิจารณารับไว้ตรวจสอบการปฏิบัติตามกฎหมาย (๑) เรื่องที่คัดเลือกมาจากการประเมินความเสี่ยงของหน่วยรับตรวจ และข้อ ๙ เรื่องที่คัดเลือกมาจากการประเมินความเสี่ยงของหน่วยรับตรวจตามข้อ ๘ (๑) เจ้าหน้าที่ตรวจสอบควรศึกษา รวบรวมข้อมูล และพิจารณาคัดเลือกงานโครงการ สัญญาและกิจกรรมของหน่วยรับตรวจที่เห็นว่ามีความสำคัญควรได้รับการตรวจสอบ และจัดลำดับความสำคัญของงาน โครงการ สัญญา และกิจกรรมที่จะตรวจสอบตามระดับความเสี่ยงที่ประเมินได้ก่อนที่จะพิจารณาคัดเลือกงาน โครงการ สัญญา และกิจกรรม ตามวิธีการที่สำนักงานกำหนด เพื่อตรวจสอบตามหมวด ๒ ต่อไป ดังนั้นเพื่อให้การประเมินความเสี่ยงการตรวจสอบการปฏิบัติตามกฎหมายเป็นไปในแนวทางเดียวกัน จึงได้กำหนดแบบในการประเมินความเสี่ยงไว้ ดังนี้
๑. แบบประเมินความเสี่ยงเพื่อคัดเลือกหน่วยรับตรวจที่อยู่ในเขตอำนาจ สำหรับการตรวจสอบ การจัดให้ได้มาซึ่งทรัพย์สินและบริหารทรัพย์สินของรัฐ ตามแบบ ปม.๑
๒. แบบประเมินความเสี่ยงเพื่อคัดเลือกงาน โครงการ สัญญาและกิจกรรม สำหรับการตรวจสอบ การจัดให้ได้มาซึ่งทรัพย์สินและบริหารทรัพย์สินของรัฐ ตามแบบ ปม.๒
[แนวทาง] แนวทางการประเมินความเสี่ยง
ทั้งนี้ การประเมินความเสี่ยงเพื่อพิจารณาคัดเลือกหน่วยรับตรวจ และเพื่อพิจารณาคัดเลือกงาน โครงการ สัญญาและกิจกรรมของหน่วยรับตรวจ สำหรับการตรวจสอบรายจ่าย และการตรวจสอบรายได้ อาจนำแบบการประเมินความเสี่ยงตามคู่มือที่ใช้บังคับอยู่ในปัจจุบันทั้งส่วนกลางและส่วนภูมิภาค มาพิจารณาปรับใช้ได้ เช่น คู่มือการตรวจสอบการเงิน (ฉบับปรับปรุง พ.ศ. ๒๕๖๔) คู่มือการตรวจสอบการจัดเก็บรายได้ พ.ศ. ๒๕๖๕ เป็นต้น ประกอบกับตามพระราชบัญญัติประกอบรัฐธรรมนูญว่าด้วยการตรวจเงินแผ่นดิน พ.ศ. ๒๕๖๑ และพระราชบัญญัติวินัยการเงินการคลังของรัฐ พ.ศ. ๒๕๖๑ บัญญัติให้ผู้ว่าการตรวจเงินแผ่นดินหรือผู้ได้รับมอบหมายตรวจสอบรายงานการเงินที่หน่วยงานของรัฐส่งให้ตามกฎหมายว่าด้วยวินัยการเงินการคลังของรัฐ ทั้งหมด ซึ่งในการตรวจสอบรายงานการเงินดังกล่าว อาจพบความเสี่ยงต่อการไม่ปฏิบัติตามกฎหมาย ระเบียบ ข้อบังคับ มติคณะรัฐมนตรี แบบแผนการปฏิบัติราชการ หรืออาจก่อให้เกิดความเสียหายแก่ทางราชการ หรือทุจริต ดังนั้น การตรวจสอบงานในลักษณะดังกล่าวจึงอาจคัดเลือกหน่วยรับตรวจ และงาน โครงการ สัญญาและกิจกรรมของหน่วยรับตรวจที่ตรวจพบว่ามีความเสี่ยงมาตรวจสอบการปฏิบัติตามกฎหมายได้
",(๑) กรณีเป็นเรื่องตามข้อ ๘ (๑) อาจตรวจสอบข้อมูลเบื้องต้นเพื่อพิจารณากำหนดประเด็นตามหลักเกณฑ์ข้อใดข้อ,ข้อ 26,ระเบียบสำนักงานการตรวจเงินแผ่นดินว่าด้วยการตรวจสอบการปฏิบัติตามกฎหมาย พ.ศ. 2566,ระเบียบ,0,0.0,0.0
การพิจารณาความเหมาะสมในการมอบหมายเรืองที่จะตรวจสอบการปฏิบัติตามกฎหมาย มีหลักเกณฑ์อย่างไร,"[หลักเกณฑ์] หลักเกณฑ์มาตรฐานเกี่ยวกับการตรวจเงินแผ่นดิน (Preamble_p38)
๓.๓ ในการตรวจสอบการปฏิบัติตามกฎหมาย ผู้ตรวจสอบควรคำนึงถึง การกำหนดประเด็นการตรวจสอบ เกณฑ์ที่ใช้ในการตรวจสอบ การกำหนดระดับความเชื่อมั่นในการตรวจสอบ การกำหนดและวิเคราะห์ระดับสาระสำคัญของเรื่องที่จะตรวจสอบ การศึกษาข้อมูลทั่วไปและการควบคุมภายในของหน่วยรับตรวจ การพิจารณาความเสี่ยงที่อาจเกิดการทุจริต รวมถึงการติดต่อสื่อสารกับหน่วยรับตรวจ
๔. การวางแผนการตรวจสอบการปฏิบัติตามกฎหมาย
๔.๑ ข้อพิจารณาเบื้องต้นในการวางแผนการตรวจสอบ
๔.๑.๑ การคัดเลือกหน่วยรับตรวจ
ผู้ตรวจสอบควรศึกษา รวบรวมข้อมูล และพิจารณาคัดเลือกหน่วยรับตรวจและจัดลำดับความสำคัญของหน่วยรับตรวจตามระดับความเสี่ยงที่ประเมินได้ ทั้งนี้ เพื่อให้การตรวจสอบครอบคลุมการจัดเก็บรายได้ การรับ การใช้จ่าย การใช้ประโยชน์ การเก็บรักษา และการบริหารงบประมาณแผ่นดินของหน่วยรับตรวจที่มีนัยสำคัญ และบรรลุวัตถุประสงค์ของการตรวจสอบอย่างมีประสิทธิภาพ
กรณีการตรวจสอบเรื่องร้องเรียนหรือเรื่องที่มีที่มาจากการตรวจสอบลักษณะอื่น ผู้ตรวจสอบอาจไม่นำหลักเกณฑ์การคัดเลือกหน่วยรับตรวจข้างต้นมาใช้ก็ได้
๔.๑.๒ การคัดเลือกและจัดลำดับความสำคัญของเรื่องที่จะตรวจสอบ","[หลักเกณฑ์] หลักเกณฑ์มาตรฐานเกี่ยวกับการตรวจเงินแผ่นดิน (Preamble_p42)
๔.๒.๒ การกำหนดเกณฑ์ที่ใช้ในการตรวจสอบ
ผู้ตรวจสอบต้องกำหนดเกณฑ์ที่ใช้ในการตรวจสอบหรือเกณฑ์มาตรฐานที่ใช้ในการเปรียบเทียบให้เหมาะสมกับประเด็นที่ใช้ในการตรวจสอบ
ในกรณีที่มีปัญหาในการใช้และตีความกฎหมาย ระเบียบ ข้อบังคับ หรือมติคณะรัฐมนตรีที่จะนำมาใช้เป็นเกณฑ์ในการตรวจสอบ ผู้ตรวจสอบควรพิจารณาตีความตามลายลักษณ์อักษร เจตนารมณ์และความมุ่งหมายของบทบัญญัติแห่งกฎหมาย หากยังมีข้อสงสัยผู้ตรวจสอบอาจหารือไปยังหน่วยงานที่มีหน้าที่รับผิดชอบในเรื่องดังกล่าว นอกจากนี้ผู้ตรวจสอบอาจนำข้อหารือ คำวินิจฉัยหรือคำพิพากษาที่เกี่ยวข้องมาใช้ประกอบการพิจารณาตีความก็ได้
๔.๒.๓ การกำหนดระดับความเชื่อมั่นในการตรวจสอบ
การตรวจสอบการปฏิบัติตามกฎหมายทุกเรื่อง เป็นงานให้ความเชื่อมั่นในการตรวจสอบซึ่งผู้ตรวจสอบควรพิจารณาหน้าที่และอำนาจของผู้ว่าการและสำนักงาน ลักษณะของประเด็นการตรวจสอบ รวมถึงความต้องการของผู้ใช้รายงานการตรวจสอบ เพื่อกำหนดระดับความเชื่อมั่นอย่างเหมาะสม ซึ่งแบ่งเป็น ๒ ประเภทได้แก่","[หลักเกณฑ์] หลักเกณฑ์มาตรฐานเกี่ยวกับการตรวจเงินแผ่นดิน (Preamble_p39)
กรณีการตรวจสอบเรื่องร้องเรียนหรือเรื่องที่มีที่มาจากการตรวจสอบลักษณะอื่น ผู้ตรวจสอบอาจไม่นำหลักเกณฑ์การคัดเลือกหน่วยรับตรวจข้างต้นมาใช้ก็ได้
๔.๑.๒ การคัดเลือกและจัดลำดับความสำคัญของเรื่องที่จะตรวจสอบ
ผู้ตรวจสอบควรศึกษา รวบรวมข้อมูล และพิจารณาคัดเลือกงาน โครงการ สัญญา และกิจกรรมของหน่วยรับตรวจที่เห็นว่ามีความสำคัญควรได้รับการตรวจสอบ และจัดลำดับความสำคัญของงาน โครงการ สัญญา และกิจกรรมเพื่อตรวจสอบต่อไป ทั้งนี้ เพื่อให้การใช้ทรัพยากรที่มีอยู่อย่างจำกัด มีความคุ้มค่า เกิดประโยชน์สูงสุดต่อทางราชการ และบรรลุวัตถุประสงค์ของการตรวจสอบ
กรณีการตรวจสอบเรื่องร้องเรียนหรือเรื่องที่มีที่มาจาก การตรวจสอบลักษณะอื่น ผู้ตรวจสอบอาจไม่นำหลักเกณฑ์การคัดเลือกและจัดลำดับความสำคัญของเรื่องที่จะตรวจสอบข้างต้นมาใช้ก็ได้
๔.๑.๓ การระบุผู้ใช้รายงานการตรวจสอบ",๓. ในการมอบหมายเรื่องของผู้อำนวยการสำนัก หรือผู้อำนวยการกลุ่ม หรือหัวหน้ากลุ่มที่ได้รับ มอบหมายจากผู,ข้อ 3,แนวทางในการมอบหมายเรื่องการตรวจสอบการปฏิบัติตามกฎหมายตามระเบียบสำนักงานการตรวจเงินแผ่นดิน ว่าด้วยการตรวจสอบการปฏิบัติตามกฎหมาย พ.ศ. 2566 ข้อ 24,แนวทาง,0,0.0,0.0
การมอบหมายหน้าที่และอำนาจในการตรวจสอบ และการปฏิบัติราชการเป็นไปตามคำสั่งใด,"[คำสั่ง] คำสั่งผู้ว่าการตรวจเงินแผ่นดิน ที่ ๑/๒๕๖๘ เรื่อง การมอบหมายการพิจารณาผลการตรวจสอบ การแจ้งผลการตรวจสอบ และการติดตามผลการตรวจสอบการปฏิบัติตามกฎหมาย (Preamble)
โดยที่เป็นการสมควรปรับปรุงคำสั่งการมอบหมายการพิจารณาผลการตรวจสอบ การแจ้งผล การตรวจสอบ และการติดตามผลการตรวจสอบการปฏิบัติตามกฎหมาย ให้เป็นไปอย่างมีประสิทธิภาพ ประสิทธิผล ต่อเนื่อง สอดคล้องกับพระราชบัญญัติประกอบรัฐธรรมนูญว่าด้วยการตรวจเงินแผ่นดิน พ.ศ. ๒๕๖๑ และระเบียบสำนักงานการตรวจเงินแผ่นดินว่าด้วยการตรวจสอบการปฏิบัติตามกฎหมาย พ.ศ. ๒๕๖๖ รวมถึง โครงสร้างการแบ่งส่วนราชการภายใน ขอบเขตหน้าที่และอำนาจของส่วนราชการภายใน และการกำหนด ตำแหน่งของสำนักงานการตรวจเงินแผ่นดิน
อาศัยอำนาจตามความในมาตรา ๕๓ มาตรา ๕๔ (๔) (๘) มาตรา ๕๙ (๗) ประกอบมาตรา ๗ มาตรา ๘๕ มาตรา ๘๖ มาตรา ๘๗ มาตรา ๘๘ และมาตรา ๙๕ แห่งพระราชบัญญัติประกอบรัฐธรรมนูญ ว่าด้วยการตรวจเงินแผ่นดิน พ.ศ. ๒๕๖๑ ผู้ว่าการตรวจเงินแผ่นดินจึงออกคำสั่งไว้ ดังต่อไปนี้","[คำสั่ง] คำสั่งผู้ว่าการตรวจเงินแผ่นดิน ที่ ๒๑/๒๕๖๘ เรื่อง แบบการแจ้งผลการตรวจสอบและติดตามผลการตรวจสอบการปฏิบัติตามกฎหมาย และการแจ้งผลการพิจารณาเรื่องร้องเรียน (ข้อ ๕)
ข้อ ๕ ผู้มีอำนาจลงนามในหนังสือตามแนบท้ายคำสั่งนี้ ให้ถือปฏิบัติตามคำสั่งผู้ว่าการ ตรวจเงินแผ่นดิน เรื่อง การมอบหมายการพิจารณาผลการตรวจสอบ การแจ้งผลการตรวจสอบ และการติดตาม ผลการตรวจสอบการปฏิบัติตามกฎหมาย","[คำสั่ง] คำสั่งผู้ว่าการตรวจเงินแผ่นดิน ที่ ๒๐/๒๕๖๖ เรื่อง แบบการแจ้งผลการตรวจสอบและติดตามผลการตรวจสอบการปฏิบัติตามกฎหมาย และการแจ้งผลการพิจารณาเรื่องร้องเรียน (ข้อ ๔)
ข้อ ๔ ผู้มีอำนาจลงนามในหนังสือตามแบบแนบท้ายคำสั่งนี้ ให้ถือปฏิบัติตามคำสั่งผู้ว่าการตรวจเงิน แผ่นดิน เรื่อง การมอบหมายการพิจารณาผลการตรวจสอบ การแจ้งผลการตรวจสอบ และการติดตามผลการตรวจสอบ การปฏิบัติตามกฎหมาย",โดยที่ประกาศคณะกรรมการตรวจเงินแผ่นดิน เรื่อง การแบ่งส่วนราชการภายในและขอบเขตหน้าที่และอำนาจของส่วนรา,,คำสั่งสำนักงานการตรวจเงินแผ่นดิน ที่ 119/2567 เรื่อง มอบหมายให้ส่วนราชการภายในสำนักงานการตรวจเงินแผ่นดินตรวจสอบหน่วยรับตรวจ,คำสั่ง,0,0.0,0.0
การระบุรายละเอียดเกี่ยวกับชื่อ หรือตำแหน่ง ของเจ้าหน้าที่หน่วยรับตรวจผู้ถูกร้องเรียน หรือชื่อหน่วยรับตรวจ หรือบุคคลที่เกี่ยวข้อง วัน เวลา หรือ ช่วงเวลา สถานที่ที่มีการกระทำผิด และพฤติการณ์แห่งการกระทำผิด ซึ่งเพียงพอจะตรวจสอบได้ พิจารณาอย่างไร,"[ระเบียบ] ระเบียบสำนักงานการตรวจเงินแผ่นดินว่าด้วยการตรวจสอบการปฏิบัติตามกฎหมาย พ.ศ. 2566 (ข้อ ๑๖)
ข้อ ๑๖ ในการรับเรื่องร้องเรียนตามข้อ ๑๕ ผู้รับเรื่องร้องเรียนต้องสอบถามและบันทึกรายละเอียด ดังนี้
(๑) ข้อมูลส่วนตัวของผู้ร้องเรียน เกี่ยวกับชื่อ เลขประจำตัวประชาชน ที่อยู่ที่ติดต่อได้ สถานที่ทำงาน และหมายเลขโทรศัพท์หรือช่องทางการติดต่ออื่นที่สามารถติดต่อได้
(๒) รายละเอียดของเรื่องที่ร้องเรียน เกี่ยวกับชื่อหรือตำแหน่งของเจ้าหน้าที่หน่วยรับตรวจ ผู้ถูกร้องเรียน หรือชื่อหน่วยรับตรวจ หรือบุคคลที่เกี่ยวข้อง วัน เวลา หรือช่วงเวลา สถานที่ที่มีการกระทำผิดและพฤติการณ์แห่งการกระทำความผิด
ในกรณีผู้ร้องเรียนมีเอกสารหลักฐานมามอบให้ ให้ผู้ร้องเรียนลงลายมือชื่อรับรองไว้ในเอกสารทุกฉบับ
กรณีไม่อาจดำเนินการตามวรรคหนึ่งหรือวรรคสองได้ ให้ผู้รับเรื่องร้องเรียนบันทึกเหตุดังกล่าวไว้ให้ชัดเจน","[ระเบียบ] ระเบียบสำนักงานการตรวจเงินแผ่นดินว่าด้วยการตรวจสอบการปฏิบัติตามกฎหมาย (ฉบับที่ 2) พ.ศ. 2568 (ข้อ ๑๖)
ข้อ ๑๖ ในการรับเรื่องร้องเรียนตามข้อ ๑๕ ผู้รับเรื่องร้องเรียนต้องสอบถามและบันทึกรายละเอียด ดังนี้
(๑) ข้อมูลส่วนตัวของผู้ร้องเรียน เกี่ยวกับชื่อ เลขประจำตัวประชาชน ที่อยู่ที่ติดต่อได้ สถานที่ทำงาน และหมายเลขโทรศัพท์หรือช่องทางการติดต่ออื่นที่สามารถติดต่อได้
(๒) รายละเอียดของเรื่องที่ร้องเรียน เกี่ยวกับชื่อหรือตำแหน่งของเจ้าหน้าที่หน่วยรับตรวจ ผู้ถูกร้องเรียน หรือชื่อหน่วยรับตรวจ หรือบุคคลที่เกี่ยวข้อง วัน เวลา หรือช่วงเวลา สถานที่ที่มีการกระทำผิด และพฤติการณ์แห่งการกระทำความผิด
ในกรณีผู้ร้องเรียนมีเอกสารหลักฐานมามอบให้ ให้ผู้ร้องเรียนลงลายมือชื่อรับรองไว้ในเอกสาร ทุกฉบับ
กรณีไม่อาจดำเนินการตามวรรคหนึ่งหรือวรรคสองได้ ให้ผู้รับเรื่องร้องเรียนบันทึกเหตุดังกล่าวไว้ ให้ชัดเจน","[ระเบียบ] ระเบียบสำนักงานการตรวจเงินแผ่นดิน ว่าด้วยการปฏิบัติหน้าที่ของเจ้าหน้าที่ที่ผู้ว่าการตรวจเงินแผ่นดินมอบหมาย (ข้อ ๒๒)
ข้อ ๒๒ การกำหนดวันและเวลาที่จะให้ผู้รับตรวจ เจ้าหน้าที่ของหน่วยรับตรวจ หรือบุคคลอื่น มาตามคำสั่งเรียก ให้คำนึงถึงสถานที่ ระยะทาง และความเหมาะสม เพื่อให้ผู้ถูกเรียกมีโอกาสมาตามคำสั่งเรียกตามวันเวลาที่กำหนดไว้",เมื่อสำนักซึ่งมีหน้าที่และเขตอำนาจในการตรวจสอบเรื่องร้องเรียนได้รับเรื่องร้องเรียนต้องพิจารณาเรื่องร,วิธีการและแนวทางในการตรวจสอบ ตามข้อ 18,แนวทางการรับเรื่องร้องเรียนหรือบัตรสนเท่ห์ไว้ตรวจสอบการปฏิบัติตามกฎหมาย ตามระเบียบสำนักงานการตรวจเงินแผ่นดินว่าด้วยการตรวจสอบการปฏิบัติตามกฎหมาย พ.ศ. 2566 ข้อ 18 และ ข้อ 19,แนวทาง,0,0.0,0.0
นอกจากคำสั่ง 119/2567 แล้ว มีเรื่องการมอบหมายให้ตรวจสอบการปฏิบัติตามกฎหมายที่เกี่ยวข้องอีกหรือไม่,"[ระเบียบ] ระเบียบสำนักงานการตรวจเงินแผ่นดินว่าด้วยการตรวจสอบการปฏิบัติตามกฎหมาย พ.ศ. 2566 (ข้อ ๒๒)
ข้อ ๒๒ เมื่อสำนักซึ่งมีหน้าที่และเขตอำนาจในการตรวจสอบเรื่องร้องเรียนมีคำสั่งรับหรือไม่รับเรื่องไว้ตรวจสอบการปฏิบัติตามกฎหมายแล้ว ต้องจัดให้มีการบันทึกสถานะของเรื่องที่มีการร้องเรียนไว้ในระบบบริหารงานตรวจสอบตามข้อ ๑๗ ด้วย
กรณีที่มีคำสั่งไม่รับเรื่องร้องเรียน ต้องแจ้งให้ผู้ร้องเรียนทราบถึงการไม่รับเรื่องร้องเรียนด้วย
กรณีมีคำสั่งรับเรื่องร้องเรียน ให้สำนักซึ่งมีหน้าที่และเขตอำนาจในการตรวจสอบเรื่องร้องเรียนดำเนินการตามหมวด ๒ ต่อไป
หมวด ๒ การตรวจสอบการปฏิบัติตามกฎหมาย
ส่วนที่ ๑ การมอบหมายเรื่อง และการวางแผนการตรวจสอบ

--- RELATED DOCS ---
[แนวทาง] แนวทางในการบันทึกเรื่องลงทะเบียนคุมเรื่องร้องเรียนและเรื่องที่รับไว้ตรวจสอบ
ด้วยระเบียบสำนักงานการตรวจเงินแผ่นดินว่าด้วยการตรวจสอบการปฏิบัติตามกฎหมาย พ.ศ. ๒๕๖๖ ข้อ ๑๗ กำหนดให้ สำนักซึ่งมีหน้าที่และเขตอำนาจในการตรวจสอบเรื่องร้องเรียน บันทึกเรื่อง ร้องเรียนที่รับไว้เองหรือที่สำนักอื่นจัดส่งมาให้ทุกเรื่อง ลงในระบบบริหารงานตรวจสอบ โดยข้อ ๒๒ กำหนดว่า เมื่อมีคำสั่งรับหรือไม่รับเรื่องร้องเรียนไว้ตรวจสอบการปฏิบัติตามกฎหมายแล้ว ต้องจัดให้มีการบันทึกสถานะ ของเรื่องร้องเรียนไว้ในระบบบริหารงานตรวจสอบ และข้อ ๒๓ กำหนดว่า เมื่อมีกรณีจะต้องตรวจสอบ การปฏิบัติตามกฎหมายในแต่ละประเภทแล้ว สำนักซึ่งมีหน้าที่และเขตอำนาจในการตรวจสอบการปฏิบัติตาม กฎหมายจะต้องจัดให้มีทะเบียนคุมการรับเรื่องไว้ตรวจสอบเพื่อบันทึกสาระสำคัญเกี่ยวกับชื่อเรื่อง วันที่รับ เรื่อง ที่มาของเรื่อง ชื่อผู้รับผิดชอบในการตรวจสอบ ประเด็นที่ตรวจสอบ และสถานะของเรื่องที่ตรวจสอบ ลงในทะเบียนคุมเรื่องที่รับไว้ตรวจสอบของแต่ละสำนักหรือบันทึกลงในระบบบริหารงานตรวจสอบที่สำนักงานกำหนด
[แนวทาง] แนวทางในการบันทึกเรื่องลงทะเบียนคุมเรื่องร้องเรียนและเรื่องที่รับไว้ตรวจสอบ
๓. ในกรณีที่มีการรับเรื่องไว้ตรวจสอบการปฏิบัติตามกฎหมาย ไม่ว่าเรื่องนั้นจะมีที่มาจาก การประเมินความเสี่ยง เรื่องร้องเรียน เรื่องที่มาจากการตรวจสอบลักษณะอื่น เรื่องที่ผู้ว่าการตรวจเงิน แผ่นดินสั่งให้ตรวจสอบเฉพาะกรณี หรือเรื่องที่กำหนดไว้ในแผนการตรวจสอบประจำปี แล้วแต่กรณี ให้สำนักซึ่งมีหน้าที่และเขตอำนาจในการตรวจสอบการปฏิบัติตามกฎหมายจัดให้มีทะเบียนคุมการรับเรื่องไว้ ตรวจสอบการปฏิบัติตามกฎหมาย เพื่อบันทึกสาระสำคัญ ประกอบด้วย ชื่อเรื่อง วันที่รับเรื่อง ที่มาของเรื่อง ชื่อผู้รับผิดชอบในการตรวจสอบ ประเด็นที่ตรวจสอบ และสถานะของเรื่องที่ตรวจสอบ (ระเบียบสำนักงาน การตรวจเงินแผ่นดินว่าด้วยการตรวจสอบการปฏิบัติตามกฎหมาย พ.ศ. ๒๕๖๖ ข้อ ๒๓)
ทั้งนี้ การบันทึกสถานะของเรื่องที่รับไว้ตรวจสอบการปฏิบัติตามกฎหมาย ให้บันทึกสถานะของเรื่องให้เป็นปัจจุบันและลงวันเดือนปีในช่องหมายเหตุ เมื่อสถานะมีการ เปลี่ยนแปลงไปจากเดิม พร้อมทั้งลงลายมือชื่อของผู้รับผิดชอบในการตรวจสอบกำกับไว้ด้วย
[แนวทาง] แนวทางในการบันทึกเรื่องลงทะเบียนคุมเรื่องร้องเรียนและเรื่องที่รับไว้ตรวจสอบ
เพื่อให้เกิดความชัดเจนในการบันทึกทะเบียนคุมเรื่องร้องเรียนและทะเบียนคุมการรับเรื่องไว้ ตรวจสอบการปฏิบัติตามกฎหมาย ประกอบกับระบบบริหารงานตรวจสอบการปฏิบัติตามกฎหมายที่สำนักงาน กำหนดยังจัดทำไม่แล้วเสร็จ จึงเห็นควรกำหนดแนวทางในการดำเนินการในเรื่องดังกล่าว ดังนี้
๑. เมื่อสำนักซึ่งมีหน้าที่และเขตอำนาจในการตรวจสอบเรื่องร้องเรียน ได้รับเรื่องร้องเรียน ไม่ว่าจะเป็นเรื่องที่มีการร้องเรียนเป็นหนังสือ เรื่องที่มีการร้องเรียนผ่านทางเว็บไซต์หรือไปรษณีย์ อิเล็กทรอนิกส์ หรือเรื่องที่มีผู้มาร้องเรียนด้วยตนเอง และไม่ว่าจะเป็นกรณีสำนักซึ่งมีหน้าที่และเขตอำนาจ ในการตรวจสอบเรื่องร้องเรียนรับเรื่องร้องเรียนนั้นไว้เอง หรือสำนักอื่นส่งเรื่องร้องเรียนมาให้เพื่อดำเนินการ ตามหน้าที่และอำนาจก็ตาม ให้สำนักซึ่งมีหน้าที่และเขตอำนาจในการตรวจสอบเรื่องร้องเรียนจัดให้มีทะเบียน คุมเรื่องร้องเรียนของสำนัก (ระเบียบสำนักงานการตรวจเงินแผ่นดินว่าด้วยการตรวจสอบการปฏิบัติตาม กฎหมาย พ.ศ. ๒๕๖๖ ข้อ ๑๗)
ทั้งนี้ ทะเบียนคุมเรื่องร้องเรียนจะต้องมีการระบุ ชื่อเรื่อง/รหัสรับเรื่องร้องเรียน หน่วยรับตรวจ วันที่รับเรื่อง ที่มาของเรื่อง และสถานะเรื่องร้องเรียน ตามตัวอย่างแนบท้ายแนวทางนี้
","[ระเบียบ] ระเบียบสำนักงานการตรวจเงินแผ่นดินว่าด้วยการตรวจสอบการปฏิบัติตามกฎหมาย (ฉบับที่ 2) พ.ศ. 2568 (ข้อ ๑๑)
ข้อ ๑๑ เรื่องที่เป็นผลมาจากการตรวจสอบด้านอื่นตามข้อ ๘ (๓) หากผลการตรวจสอบ รายงานการเงิน หรือผลการตรวจสอบผลสัมฤทธิ์และประสิทธิภาพการดำเนินงาน แล้วแต่กรณีพบว่าประเด็นที่ตรวจพบมีการไม่ปฏิบัติตามกฎหมายวินัยการเงินการคลังของรัฐหรือกฎหมายอื่น รวมถึงระเบียบ ข้อบังคับ มติคณะรัฐมนตรี หรือแบบแผนการปฏิบัติราชการและสัญญา ก่อให้เกิดความเสียหายแก่รัฐหรือหน่วยรับตรวจหรือมีลักษณะเป็นการจงใจไม่ปฏิบัติตามกฎหมายวินัยการเงินการคลังของรัฐหรือกฎหมายอื่น รวมถึงระเบียบ ข้อบังคับ มติคณะรัฐมนตรี หรือแบบแผนการปฏิบัติราชการและสัญญา หรือข้อตรวจพบที่มีลักษณะเป็นการทุจริต ให้เจ้าหน้าที่ตรวจสอบดำเนินการตรวจสอบตามหมวด ๒ ต่อไป"" (แก้ไขโดยฉบับที่ ๒ พ.ศ. ๒๕๖๘)","[ระเบียบ] ระเบียบสำนักงานการตรวจเงินแผ่นดินว่าด้วยการตรวจสอบการปฏิบัติตามกฎหมาย (ฉบับที่ 2) พ.ศ. 2568 (ข้อ ๒๒)
ข้อ ๒๒ เมื่อสำนักซึ่งมีหน้าที่และเขตอำนาจในการตรวจสอบเรื่องร้องเรียนมีคำสั่งรับ หรือไม่รับเรื่องไว้ตรวจสอบการปฏิบัติตามกฎหมายแล้ว ต้องจัดให้มีการบันทึกสถานะของเรื่องที่มีการร้องเรียนไว้ ในระบบบริหารงานตรวจสอบตามข้อ ๑๗ ด้วย
กรณีที่มีคำสั่งไม่รับเรื่องร้องเรียน ต้องแจ้งให้ผู้ร้องเรียนทราบถึงการไม่รับเรื่องร้องเรียนด้วย
กรณีมีคำสั่งรับเรื่องร้องเรียน ให้สำนักซึ่งมีหน้าที่และเขตอำนาจในการตรวจสอบเรื่องร้องเรียน ดำเนินการตามหมวด ๒ ต่อไป
หมวด ๒ การตรวจสอบการปฏิบัติตามกฎหมาย
ส่วนที่ ๑ การมอบหมายเรื่อง และการวางแผนการตรวจสอบ

--- RELATED DOCS ---
[แนวทาง] แนวทางในการบันทึกเรื่องลงทะเบียนคุมเรื่องร้องเรียนและเรื่องที่รับไว้ตรวจสอบ
ด้วยระเบียบสำนักงานการตรวจเงินแผ่นดินว่าด้วยการตรวจสอบการปฏิบัติตามกฎหมาย พ.ศ. ๒๕๖๖ ข้อ ๑๗ กำหนดให้ สำนักซึ่งมีหน้าที่และเขตอำนาจในการตรวจสอบเรื่องร้องเรียน บันทึกเรื่อง ร้องเรียนที่รับไว้เองหรือที่สำนักอื่นจัดส่งมาให้ทุกเรื่อง ลงในระบบบริหารงานตรวจสอบ โดยข้อ ๒๒ กำหนดว่า เมื่อมีคำสั่งรับหรือไม่รับเรื่องร้องเรียนไว้ตรวจสอบการปฏิบัติตามกฎหมายแล้ว ต้องจัดให้มีการบันทึกสถานะ ของเรื่องร้องเรียนไว้ในระบบบริหารงานตรวจสอบ และข้อ ๒๓ กำหนดว่า เมื่อมีกรณีจะต้องตรวจสอบ การปฏิบัติตามกฎหมายในแต่ละประเภทแล้ว สำนักซึ่งมีหน้าที่และเขตอำนาจในการตรวจสอบการปฏิบัติตาม กฎหมายจะต้องจัดให้มีทะเบียนคุมการรับเรื่องไว้ตรวจสอบเพื่อบันทึกสาระสำคัญเกี่ยวกับชื่อเรื่อง วันที่รับ เรื่อง ที่มาของเรื่อง ชื่อผู้รับผิดชอบในการตรวจสอบ ประเด็นที่ตรวจสอบ และสถานะของเรื่องที่ตรวจสอบ ลงในทะเบียนคุมเรื่องที่รับไว้ตรวจสอบของแต่ละสำนักหรือบันทึกลงในระบบบริหารงานตรวจสอบที่สำนักงานกำหนด
[แนวทาง] แนวทางในการบันทึกเรื่องลงทะเบียนคุมเรื่องร้องเรียนและเรื่องที่รับไว้ตรวจสอบ
๓. ในกรณีที่มีการรับเรื่องไว้ตรวจสอบการปฏิบัติตามกฎหมาย ไม่ว่าเรื่องนั้นจะมีที่มาจาก การประเมินความเสี่ยง เรื่องร้องเรียน เรื่องที่มาจากการตรวจสอบลักษณะอื่น เรื่องที่ผู้ว่าการตรวจเงิน แผ่นดินสั่งให้ตรวจสอบเฉพาะกรณี หรือเรื่องที่กำหนดไว้ในแผนการตรวจสอบประจำปี แล้วแต่กรณี ให้สำนักซึ่งมีหน้าที่และเขตอำนาจในการตรวจสอบการปฏิบัติตามกฎหมายจัดให้มีทะเบียนคุมการรับเรื่องไว้ ตรวจสอบการปฏิบัติตามกฎหมาย เพื่อบันทึกสาระสำคัญ ประกอบด้วย ชื่อเรื่อง วันที่รับเรื่อง ที่มาของเรื่อง ชื่อผู้รับผิดชอบในการตรวจสอบ ประเด็นที่ตรวจสอบ และสถานะของเรื่องที่ตรวจสอบ (ระเบียบสำนักงาน การตรวจเงินแผ่นดินว่าด้วยการตรวจสอบการปฏิบัติตามกฎหมาย พ.ศ. ๒๕๖๖ ข้อ ๒๓)
ทั้งนี้ การบันทึกสถานะของเรื่องที่รับไว้ตรวจสอบการปฏิบัติตามกฎหมาย ให้บันทึกสถานะของเรื่องให้เป็นปัจจุบันและลงวันเดือนปีในช่องหมายเหตุ เมื่อสถานะมีการ เปลี่ยนแปลงไปจากเดิม พร้อมทั้งลงลายมือชื่อของผู้รับผิดชอบในการตรวจสอบกำกับไว้ด้วย
[แนวทาง] แนวทางในการบันทึกเรื่องลงทะเบียนคุมเรื่องร้องเรียนและเรื่องที่รับไว้ตรวจสอบ
เพื่อให้เกิดความชัดเจนในการบันทึกทะเบียนคุมเรื่องร้องเรียนและทะเบียนคุมการรับเรื่องไว้ ตรวจสอบการปฏิบัติตามกฎหมาย ประกอบกับระบบบริหารงานตรวจสอบการปฏิบัติตามกฎหมายที่สำนักงาน กำหนดยังจัดทำไม่แล้วเสร็จ จึงเห็นควรกำหนดแนวทางในการดำเนินการในเรื่องดังกล่าว ดังนี้
๑. เมื่อสำนักซึ่งมีหน้าที่และเขตอำนาจในการตรวจสอบเรื่องร้องเรียน ได้รับเรื่องร้องเรียน ไม่ว่าจะเป็นเรื่องที่มีการร้องเรียนเป็นหนังสือ เรื่องที่มีการร้องเรียนผ่านทางเว็บไซต์หรือไปรษณีย์ อิเล็กทรอนิกส์ หรือเรื่องที่มีผู้มาร้องเรียนด้วยตนเอง และไม่ว่าจะเป็นกรณีสำนักซึ่งมีหน้าที่และเขตอำนาจ ในการตรวจสอบเรื่องร้องเรียนรับเรื่องร้องเรียนนั้นไว้เอง หรือสำนักอื่นส่งเรื่องร้องเรียนมาให้เพื่อดำเนินการ ตามหน้าที่และอำนาจก็ตาม ให้สำนักซึ่งมีหน้าที่และเขตอำนาจในการตรวจสอบเรื่องร้องเรียนจัดให้มีทะเบียน คุมเรื่องร้องเรียนของสำนัก (ระเบียบสำนักงานการตรวจเงินแผ่นดินว่าด้วยการตรวจสอบการปฏิบัติตาม กฎหมาย พ.ศ. ๒๕๖๖ ข้อ ๑๗)
ทั้งนี้ ทะเบียนคุมเรื่องร้องเรียนจะต้องมีการระบุ ชื่อเรื่อง/รหัสรับเรื่องร้องเรียน หน่วยรับตรวจ วันที่รับเรื่อง ที่มาของเรื่อง และสถานะเรื่องร้องเรียน ตามตัวอย่างแนบท้ายแนวทางนี้
",โดยที่ประกาศคณะกรรมการตรวจเงินแผ่นดิน เรื่อง การแบ่งส่วนราชการภายในและขอบเขตหน้าที่และอำนาจของส่วนรา,,คำสั่งสำนักงานการตรวจเงินแผ่นดิน ที่ 267/2567 เรื่อง มอบหมายมอบอำนาจให้สำนักงานตรวจเงินแผ่นดินภูมิภาคและสำนักตรวจเงินแผ่นดินจังหวัดตรวจสอบการปฏิบัติตามกฎหมาย การแจ้งผลการตรวจสอบ และการติดตามผลการตรวจสอบ,คำสั่ง,0,0.0,0.0
ยกตัวอย่างกรณีเรื่องร้องเรียนที่ไม่ได้อยู่ในหน้าที่และอำนาจการตรวจสอบของผู้ว่าการ,"[ระเบียบ] ระเบียบสำนักงานการตรวจเงินแผ่นดินว่าด้วยการตรวจสอบการปฏิบัติตามกฎหมาย พ.ศ. 2566 (ข้อ ๒๑_p3)
ทั้งนี้ กรณีเรื่องร้องเรียนกล่าวหาว่าทุจริตเกี่ยวกับการใช้จ่ายเงินแผ่นดิน ซึ่งเป็นเรื่องที่อยู่ในหน้าที่และอำนาจของผู้ว่าการและเข้าลักษณะอยู่ในหน้าที่และอำนาจขององค์กรอิสระอื่นด้วย หากไม่ใช่กรณีความผิดตามกฎหมายใน (๓) ให้ดำเนินการตรวจสอบตามหน้าที่และอำนาจต่อไปภายใต้หลักเกณฑ์และเงื่อนไขการรับเรื่องร้องเรียนไว้ตรวจสอบตามข้อ ๑๘ ข้อ ๑๙ และข้อ ๒๐

--- RELATED DOCS ---
[แนวทาง] แนวทางการแจ้งการเข้ารวบรวมข้อเท็จจริงเบื้องต้น
ตามระเบียบสำนักงานการตรวจเงินแผ่นดินว่าด้วยการตรวจสอบการปฏิบัติตามกฎหมาย พ.ศ. ๒๕๖๖ ข้อ ๒๑ (๓) กำหนดให้ เรื่องร้องเรียนในส่วนประเด็นที่อยู่ในหน้าที่และอำนาจตรวจสอบของผู้ว่าการ อาจเข้าลักษณะเป็นการกระทำที่อยู่ในหน้าที่และอำนาจตรวจสอบขององค์กรอิสระอื่นด้วย ถ้าประเด็นที่ ร้องเรียนในส่วนที่อยู่ในหน้าที่และอำนาจดำเนินการขององค์กรอิสระอื่นนั้น เป็นกรณีความผิดตามกฎหมาย ว่าด้วยความผิดเกี่ยวกับการเสนอราคาต่อหน่วยงานของรัฐ ความผิดตามกฎหมายคณะกรรมการการเลือกตั้ง ความผิดตามกฎหมายผู้ตรวจการแผ่นดิน และความผิดตามกฎหมายคณะกรรมการสิทธิมนุษยชนแห่งชาติ ให้รวบรวมข้อเท็จจริงเบื้องต้นก่อนว่าประเด็นที่อยู่ในหน้าที่และอำนาจดำเนินการขององค์กรอิสระอื่นนั้น เป็นไปตามข้อกล่าวอ้างในเรื่องร้องเรียนนั้น หรือไม่
[แนวทาง] แนวทางในการส่งเรื่องร้องเรียนให้องค์กรอิสระอื่นดำเนินการตามหน้าที่และอำนาจ
ตัวอย่าง มีการร้องเรียนว่านายกองค์การบริหารส่วนจังหวัดแห่งหนึ่ง จัดซื้อเสาไฟฟ้ากินรีโดยทุจริตเอื้อประโยชน์ให้บริษัท ก. ซึ่งมีภรรยาของนายกองค์การบริหารส่วนจังหวัดดังกล่าวเป็นผู้ถือหุ้นใหญ่ได้รับเลือกเข้ามาเป็นคู่สัญญา และมีการจ่ายเงินให้ผู้รับจ้างทั้งที่งานยังไม่แล้วเสร็จ ซึ่งเรื่องที่ร้องเรียนมีสองประเด็น ประเด็นแรกร้องเรียนเรื่องการทุจริตเกี่ยวกับการจัดซื้อจัดจ้าง ซึ่งอยู่ในหน้าที่และอำนาจทับซ้อนระหว่างอำนาจตรวจสอบของผู้ว่าการตรวจเงินแผ่นดินตามพระราชบัญญัติประกอบรัฐธรรมนูญว่าด้วยการตรวจเงินแผ่นดิน และเป็นความผิดซึ่งอยู่ในหน้าที่และอำนาจดำเนินการของคณะกรรมการป้องกันและปราบปรามการทุจริตแห่งชาติด้วย โดยความผิดนั้นเป็นความผิดตามกฎหมายว่าด้วยการเสนอราคาต่อหน่วยงานของรัฐ ส่วนประเด็นที่สอง เป็นเรื่องที่ร้องเรียนว่ามีการปฏิบัติไม่เป็นไปตามกฎหมาย ซึ่งเป็นเรื่องที่อยู่ในหน้าที่และอำนาจตรวจสอบของผู้ว่าการตรวจเงินแผ่นดินตามพระราชบัญญัติประกอบรัฐธรรมนูญว่าด้วยการตรวจเงินแผ่นดิน
[แนวทาง] แนวทางในการส่งเรื่องร้องเรียนให้องค์กรอิสระอื่นดำเนินการตามหน้าที่และอำนาจ
กรณีนี้จึงต้องพิจารณาไม่รับเรื่องไว้ตรวจสอบการปฏิบัติตามกฎหมายตามข้อ ๑๘ (๑) ของระเบียบฯ และไม่ต้องส่งเรื่องไปให้องค์กรอิสระอื่นตรวจสอบด้วย
ตัวอย่างที่ ๑ ร้องเรียนว่า ข้าราชการระดับชำนาญการของส่วนราชการแห่งหนึ่งเป็นชู้กับเมียของตน ซึ่งเรื่องที่ร้องเรียนมีประเด็นเดียว และประเด็นดังกล่าวมิได้เกี่ยวกับการตรวจเงินแผ่นดินตามพระราชบัญญัติประกอบรัฐธรรมนูญว่าด้วยการตรวจเงินแผ่นดิน และก็ไม่อยู่ในหน้าที่และอำนาจตรวจสอบขององค์กรอิสระอื่นด้วย จึงเป็นเรื่องร้องเรียนที่ไม่ต้องรับเรื่องดังกล่าวไว้ตรวจสอบตามข้อ ๑๘ (๑) ของระเบียบฯ และก็ไม่ต้องส่งเรื่องให้องค์กรอิสระอื่นตรวจสอบด้วย
ตัวอย่างที่ ๒ ร้องเรียนว่า ข้าราชการของส่วนราชการแห่งหนึ่งเมาแล้วขับ และมีการข่มขู่จะทำร้ายร่างกายตนด้วย ซึ่งเรื่องที่ร้องเรียนมีสองประเด็น แต่ทั้งสองประเด็นมิได้เกี่ยวกับการตรวจเงินแผ่นดินตามพระราชบัญญัติประกอบรัฐธรรมนูญว่าด้วยการตรวจเงินแผ่นดิน และก็ไม่อยู่ในหน้าที่และอำนาจตรวจสอบขององค์กรอิสระอื่นด้วย จึงไม่ต้องรับเรื่องไว้ตรวจสอบตามข้อ ๑๘ (๑) ของระเบียบฯ และก็ไม่ต้องส่งเรื่องให้องค์กรอิสระอื่นตรวจสอบด้วย
","[ระเบียบ] ระเบียบสำนักงานการตรวจเงินแผ่นดินว่าด้วยการตรวจสอบการปฏิบัติตามกฎหมาย (ฉบับที่ 2) พ.ศ. 2568 (ข้อ ๒๑_p3)
ทั้งนี้ กรณีเรื่องร้องเรียนกล่าวหาว่าทุจริตเกี่ยวกับการใช้จ่ายเงินแผ่นดิน ซึ่งเป็นเรื่องที่อยู่ในหน้าที่ และอำนาจของผู้ว่าการและเข้าลักษณะอยู่ในหน้าที่และอำนาจขององค์กรอิสระอื่นด้วย หากไม่ใช่กรณี ความผิดตามกฎหมายใน (๓) ให้ดำเนินการตรวจสอบตามหน้าที่และอำนาจต่อไปภายใต้หลักเกณฑ์ และเงื่อนไขการรับเรื่องร้องเรียนไว้ตรวจสอบตามข้อ ๑๘ ข้อ ๑๙ และข้อ ๒๐

--- RELATED DOCS ---
[แนวทาง] แนวทางการแจ้งการเข้ารวบรวมข้อเท็จจริงเบื้องต้น
ตามระเบียบสำนักงานการตรวจเงินแผ่นดินว่าด้วยการตรวจสอบการปฏิบัติตามกฎหมาย พ.ศ. ๒๕๖๖ ข้อ ๒๑ (๓) กำหนดให้ เรื่องร้องเรียนในส่วนประเด็นที่อยู่ในหน้าที่และอำนาจตรวจสอบของผู้ว่าการ อาจเข้าลักษณะเป็นการกระทำที่อยู่ในหน้าที่และอำนาจตรวจสอบขององค์กรอิสระอื่นด้วย ถ้าประเด็นที่ ร้องเรียนในส่วนที่อยู่ในหน้าที่และอำนาจดำเนินการขององค์กรอิสระอื่นนั้น เป็นกรณีความผิดตามกฎหมาย ว่าด้วยความผิดเกี่ยวกับการเสนอราคาต่อหน่วยงานของรัฐ ความผิดตามกฎหมายคณะกรรมการการเลือกตั้ง ความผิดตามกฎหมายผู้ตรวจการแผ่นดิน และความผิดตามกฎหมายคณะกรรมการสิทธิมนุษยชนแห่งชาติ ให้รวบรวมข้อเท็จจริงเบื้องต้นก่อนว่าประเด็นที่อยู่ในหน้าที่และอำนาจดำเนินการขององค์กรอิสระอื่นนั้น เป็นไปตามข้อกล่าวอ้างในเรื่องร้องเรียนนั้น หรือไม่
[แนวทาง] แนวทางในการส่งเรื่องร้องเรียนให้องค์กรอิสระอื่นดำเนินการตามหน้าที่และอำนาจ
ตัวอย่าง มีการร้องเรียนว่านายกองค์การบริหารส่วนจังหวัดแห่งหนึ่ง จัดซื้อเสาไฟฟ้ากินรีโดยทุจริตเอื้อประโยชน์ให้บริษัท ก. ซึ่งมีภรรยาของนายกองค์การบริหารส่วนจังหวัดดังกล่าวเป็นผู้ถือหุ้นใหญ่ได้รับเลือกเข้ามาเป็นคู่สัญญา และมีการจ่ายเงินให้ผู้รับจ้างทั้งที่งานยังไม่แล้วเสร็จ ซึ่งเรื่องที่ร้องเรียนมีสองประเด็น ประเด็นแรกร้องเรียนเรื่องการทุจริตเกี่ยวกับการจัดซื้อจัดจ้าง ซึ่งอยู่ในหน้าที่และอำนาจทับซ้อนระหว่างอำนาจตรวจสอบของผู้ว่าการตรวจเงินแผ่นดินตามพระราชบัญญัติประกอบรัฐธรรมนูญว่าด้วยการตรวจเงินแผ่นดิน และเป็นความผิดซึ่งอยู่ในหน้าที่และอำนาจดำเนินการของคณะกรรมการป้องกันและปราบปรามการทุจริตแห่งชาติด้วย โดยความผิดนั้นเป็นความผิดตามกฎหมายว่าด้วยการเสนอราคาต่อหน่วยงานของรัฐ ส่วนประเด็นที่สอง เป็นเรื่องที่ร้องเรียนว่ามีการปฏิบัติไม่เป็นไปตามกฎหมาย ซึ่งเป็นเรื่องที่อยู่ในหน้าที่และอำนาจตรวจสอบของผู้ว่าการตรวจเงินแผ่นดินตามพระราชบัญญัติประกอบรัฐธรรมนูญว่าด้วยการตรวจเงินแผ่นดิน
[แนวทาง] แนวทางในการส่งเรื่องร้องเรียนให้องค์กรอิสระอื่นดำเนินการตามหน้าที่และอำนาจ
กรณีนี้จึงต้องพิจารณาไม่รับเรื่องไว้ตรวจสอบการปฏิบัติตามกฎหมายตามข้อ ๑๘ (๑) ของระเบียบฯ และไม่ต้องส่งเรื่องไปให้องค์กรอิสระอื่นตรวจสอบด้วย
ตัวอย่างที่ ๑ ร้องเรียนว่า ข้าราชการระดับชำนาญการของส่วนราชการแห่งหนึ่งเป็นชู้กับเมียของตน ซึ่งเรื่องที่ร้องเรียนมีประเด็นเดียว และประเด็นดังกล่าวมิได้เกี่ยวกับการตรวจเงินแผ่นดินตามพระราชบัญญัติประกอบรัฐธรรมนูญว่าด้วยการตรวจเงินแผ่นดิน และก็ไม่อยู่ในหน้าที่และอำนาจตรวจสอบขององค์กรอิสระอื่นด้วย จึงเป็นเรื่องร้องเรียนที่ไม่ต้องรับเรื่องดังกล่าวไว้ตรวจสอบตามข้อ ๑๘ (๑) ของระเบียบฯ และก็ไม่ต้องส่งเรื่องให้องค์กรอิสระอื่นตรวจสอบด้วย
ตัวอย่างที่ ๒ ร้องเรียนว่า ข้าราชการของส่วนราชการแห่งหนึ่งเมาแล้วขับ และมีการข่มขู่จะทำร้ายร่างกายตนด้วย ซึ่งเรื่องที่ร้องเรียนมีสองประเด็น แต่ทั้งสองประเด็นมิได้เกี่ยวกับการตรวจเงินแผ่นดินตามพระราชบัญญัติประกอบรัฐธรรมนูญว่าด้วยการตรวจเงินแผ่นดิน และก็ไม่อยู่ในหน้าที่และอำนาจตรวจสอบขององค์กรอิสระอื่นด้วย จึงไม่ต้องรับเรื่องไว้ตรวจสอบตามข้อ ๑๘ (๑) ของระเบียบฯ และก็ไม่ต้องส่งเรื่องให้องค์กรอิสระอื่นตรวจสอบด้วย
","[ระเบียบ] ระเบียบสำนักงานการตรวจเงินแผ่นดินว่าด้วยการตรวจสอบการปฏิบัติตามกฎหมาย พ.ศ. 2566 (ข้อ ๒๑_p2)
(๓) หากพิจารณาแล้วเห็นว่า เรื่องร้องเรียนนั้นในส่วนของประเด็นที่อยู่ในหน้าที่และอำนาจตรวจสอบของผู้ว่าการ อาจเข้าลักษณะเป็นการกระทำที่อยู่ในหน้าที่และอำนาจตรวจสอบขององค์กรอิสระอื่นด้วย ถ้าประเด็นที่ร้องเรียนในส่วนที่อยู่ในหน้าที่และอำนาจดำเนินการขององค์กรอิสระอื่นนั้น เป็นกรณีความผิดตามกฎหมายว่าด้วยความผิดเกี่ยวกับการเสนอราคาต่อหน่วยงานของรัฐ ความผิดตามกฎหมายคณะกรรมการการเลือกตั้ง ความผิดตามกฎหมายผู้ตรวจการแผ่นดิน และความผิดตามกฎหมายคณะกรรมการสิทธิมนุษยชนแห่งชาติ ให้รวบรวมข้อเท็จจริงเบื้องต้นก่อนว่าประเด็นที่อยู่ในหน้าที่และอำนาจดำเนินการขององค์กรอิสระอื่นนั้นเป็นไปตามข้อกล่าวอ้างในเรื่องร้องเรียนนั้นหรือไม่ หากใช่ให้เสนอผู้ว่าการเพื่อเสนอคณะกรรมการพิจารณาส่งประเด็นนั้นให้องค์กรอิสระอื่นดำเนินการตามหน้าที่และอำนาจตามมาตรา ๖ วรรคสอง แห่งพระราชบัญญัติประกอบรัฐธรรมนูญว่าด้วยการตรวจเงินแผ่นดิน พ.ศ. ๒๕๖๑ โดยไม่ต้องตรวจสอบประเด็นนั้นอีก แต่หากไม่ใช่ก็ให้ดำเนินการตรวจสอบตามหน้าที่และอำนาจต่อไป ภายใต้หลักเกณฑ์และเงื่อนไขการรับเรื่องร้องเรียนไว้ตรวจสอบตามข้อ ๑๘ ข้อ ๑๙ และข้อ ๒๐

--- RELATED DOCS ---
[แนวทาง] แนวทางการแจ้งการเข้ารวบรวมข้อเท็จจริงเบื้องต้น
ตามระเบียบสำนักงานการตรวจเงินแผ่นดินว่าด้วยการตรวจสอบการปฏิบัติตามกฎหมาย พ.ศ. ๒๕๖๖ ข้อ ๒๑ (๓) กำหนดให้ เรื่องร้องเรียนในส่วนประเด็นที่อยู่ในหน้าที่และอำนาจตรวจสอบของผู้ว่าการ อาจเข้าลักษณะเป็นการกระทำที่อยู่ในหน้าที่และอำนาจตรวจสอบขององค์กรอิสระอื่นด้วย ถ้าประเด็นที่ ร้องเรียนในส่วนที่อยู่ในหน้าที่และอำนาจดำเนินการขององค์กรอิสระอื่นนั้น เป็นกรณีความผิดตามกฎหมาย ว่าด้วยความผิดเกี่ยวกับการเสนอราคาต่อหน่วยงานของรัฐ ความผิดตามกฎหมายคณะกรรมการการเลือกตั้ง ความผิดตามกฎหมายผู้ตรวจการแผ่นดิน และความผิดตามกฎหมายคณะกรรมการสิทธิมนุษยชนแห่งชาติ ให้รวบรวมข้อเท็จจริงเบื้องต้นก่อนว่าประเด็นที่อยู่ในหน้าที่และอำนาจดำเนินการขององค์กรอิสระอื่นนั้น เป็นไปตามข้อกล่าวอ้างในเรื่องร้องเรียนนั้น หรือไม่
",เมื่อสำนักซึ่งมีหน้าที่และเขตอำนาจในการตรวจสอบเรื่องร้องเรียนได้รับเรื่องร้องเรียนต้องพิจารณาเรื่องร,วิธีการและแนวทางในการตรวจสอบ ตามข้อ 18,แนวทางการรับเรื่องร้องเรียนหรือบัตรสนเท่ห์ไว้ตรวจสอบการปฏิบัติตามกฎหมาย ตามระเบียบสำนักงานการตรวจเงินแผ่นดินว่าด้วยการตรวจสอบการปฏิบัติตามกฎหมาย พ.ศ. 2566 ข้อ 18 และ ข้อ 19,แนวทาง,0,0.0,0.0
สำนักตรวจสอบการปฏิบัติตามกฎหมายที่ 2 ได้รับเรื่องร้องเรียนเกี่ยวกับการใช้จ่ายเงินของ กระทรวงแรงงาน สำนักตรวจสอบการปฏิบัติตามกฎหมายที่ 2 ต้องดำเนินการอย่างไร,"[ระเบียบ] ระเบียบสำนักงานการตรวจเงินแผ่นดินว่าด้วยการตรวจสอบการปฏิบัติตามกฎหมาย (ฉบับที่ 2) พ.ศ. 2568 (ข้อ ๒๒)
ข้อ ๒๒ เมื่อสำนักซึ่งมีหน้าที่และเขตอำนาจในการตรวจสอบเรื่องร้องเรียนมีคำสั่งรับ หรือไม่รับเรื่องไว้ตรวจสอบการปฏิบัติตามกฎหมายแล้ว ต้องจัดให้มีการบันทึกสถานะของเรื่องที่มีการร้องเรียนไว้ ในระบบบริหารงานตรวจสอบตามข้อ ๑๗ ด้วย
กรณีที่มีคำสั่งไม่รับเรื่องร้องเรียน ต้องแจ้งให้ผู้ร้องเรียนทราบถึงการไม่รับเรื่องร้องเรียนด้วย
กรณีมีคำสั่งรับเรื่องร้องเรียน ให้สำนักซึ่งมีหน้าที่และเขตอำนาจในการตรวจสอบเรื่องร้องเรียน ดำเนินการตามหมวด ๒ ต่อไป
หมวด ๒ การตรวจสอบการปฏิบัติตามกฎหมาย
ส่วนที่ ๑ การมอบหมายเรื่อง และการวางแผนการตรวจสอบ

--- RELATED DOCS ---
[แนวทาง] แนวทางในการบันทึกเรื่องลงทะเบียนคุมเรื่องร้องเรียนและเรื่องที่รับไว้ตรวจสอบ
ด้วยระเบียบสำนักงานการตรวจเงินแผ่นดินว่าด้วยการตรวจสอบการปฏิบัติตามกฎหมาย พ.ศ. ๒๕๖๖ ข้อ ๑๗ กำหนดให้ สำนักซึ่งมีหน้าที่และเขตอำนาจในการตรวจสอบเรื่องร้องเรียน บันทึกเรื่อง ร้องเรียนที่รับไว้เองหรือที่สำนักอื่นจัดส่งมาให้ทุกเรื่อง ลงในระบบบริหารงานตรวจสอบ โดยข้อ ๒๒ กำหนดว่า เมื่อมีคำสั่งรับหรือไม่รับเรื่องร้องเรียนไว้ตรวจสอบการปฏิบัติตามกฎหมายแล้ว ต้องจัดให้มีการบันทึกสถานะ ของเรื่องร้องเรียนไว้ในระบบบริหารงานตรวจสอบ และข้อ ๒๓ กำหนดว่า เมื่อมีกรณีจะต้องตรวจสอบ การปฏิบัติตามกฎหมายในแต่ละประเภทแล้ว สำนักซึ่งมีหน้าที่และเขตอำนาจในการตรวจสอบการปฏิบัติตาม กฎหมายจะต้องจัดให้มีทะเบียนคุมการรับเรื่องไว้ตรวจสอบเพื่อบันทึกสาระสำคัญเกี่ยวกับชื่อเรื่อง วันที่รับ เรื่อง ที่มาของเรื่อง ชื่อผู้รับผิดชอบในการตรวจสอบ ประเด็นที่ตรวจสอบ และสถานะของเรื่องที่ตรวจสอบ ลงในทะเบียนคุมเรื่องที่รับไว้ตรวจสอบของแต่ละสำนักหรือบันทึกลงในระบบบริหารงานตรวจสอบที่สำนักงานกำหนด
[แนวทาง] แนวทางในการบันทึกเรื่องลงทะเบียนคุมเรื่องร้องเรียนและเรื่องที่รับไว้ตรวจสอบ
เพื่อให้เกิดความชัดเจนในการบันทึกทะเบียนคุมเรื่องร้องเรียนและทะเบียนคุมการรับเรื่องไว้ ตรวจสอบการปฏิบัติตามกฎหมาย ประกอบกับระบบบริหารงานตรวจสอบการปฏิบัติตามกฎหมายที่สำนักงาน กำหนดยังจัดทำไม่แล้วเสร็จ จึงเห็นควรกำหนดแนวทางในการดำเนินการในเรื่องดังกล่าว ดังนี้
๑. เมื่อสำนักซึ่งมีหน้าที่และเขตอำนาจในการตรวจสอบเรื่องร้องเรียน ได้รับเรื่องร้องเรียน ไม่ว่าจะเป็นเรื่องที่มีการร้องเรียนเป็นหนังสือ เรื่องที่มีการร้องเรียนผ่านทางเว็บไซต์หรือไปรษณีย์ อิเล็กทรอนิกส์ หรือเรื่องที่มีผู้มาร้องเรียนด้วยตนเอง และไม่ว่าจะเป็นกรณีสำนักซึ่งมีหน้าที่และเขตอำนาจ ในการตรวจสอบเรื่องร้องเรียนรับเรื่องร้องเรียนนั้นไว้เอง หรือสำนักอื่นส่งเรื่องร้องเรียนมาให้เพื่อดำเนินการ ตามหน้าที่และอำนาจก็ตาม ให้สำนักซึ่งมีหน้าที่และเขตอำนาจในการตรวจสอบเรื่องร้องเรียนจัดให้มีทะเบียน คุมเรื่องร้องเรียนของสำนัก (ระเบียบสำนักงานการตรวจเงินแผ่นดินว่าด้วยการตรวจสอบการปฏิบัติตาม กฎหมาย พ.ศ. ๒๕๖๖ ข้อ ๑๗)
ทั้งนี้ ทะเบียนคุมเรื่องร้องเรียนจะต้องมีการระบุ ชื่อเรื่อง/รหัสรับเรื่องร้องเรียน หน่วยรับตรวจ วันที่รับเรื่อง ที่มาของเรื่อง และสถานะเรื่องร้องเรียน ตามตัวอย่างแนบท้ายแนวทางนี้
[แนวทาง] แนวทางในการบันทึกเรื่องลงทะเบียนคุมเรื่องร้องเรียนและเรื่องที่รับไว้ตรวจสอบ
๓. ในกรณีที่มีการรับเรื่องไว้ตรวจสอบการปฏิบัติตามกฎหมาย ไม่ว่าเรื่องนั้นจะมีที่มาจาก การประเมินความเสี่ยง เรื่องร้องเรียน เรื่องที่มาจากการตรวจสอบลักษณะอื่น เรื่องที่ผู้ว่าการตรวจเงิน แผ่นดินสั่งให้ตรวจสอบเฉพาะกรณี หรือเรื่องที่กำหนดไว้ในแผนการตรวจสอบประจำปี แล้วแต่กรณี ให้สำนักซึ่งมีหน้าที่และเขตอำนาจในการตรวจสอบการปฏิบัติตามกฎหมายจัดให้มีทะเบียนคุมการรับเรื่องไว้ ตรวจสอบการปฏิบัติตามกฎหมาย เพื่อบันทึกสาระสำคัญ ประกอบด้วย ชื่อเรื่อง วันที่รับเรื่อง ที่มาของเรื่อง ชื่อผู้รับผิดชอบในการตรวจสอบ ประเด็นที่ตรวจสอบ และสถานะของเรื่องที่ตรวจสอบ (ระเบียบสำนักงาน การตรวจเงินแผ่นดินว่าด้วยการตรวจสอบการปฏิบัติตามกฎหมาย พ.ศ. ๒๕๖๖ ข้อ ๒๓)
ทั้งนี้ การบันทึกสถานะของเรื่องที่รับไว้ตรวจสอบการปฏิบัติตามกฎหมาย ให้บันทึกสถานะของเรื่องให้เป็นปัจจุบันและลงวันเดือนปีในช่องหมายเหตุ เมื่อสถานะมีการ เปลี่ยนแปลงไปจากเดิม พร้อมทั้งลงลายมือชื่อของผู้รับผิดชอบในการตรวจสอบกำกับไว้ด้วย
","[ระเบียบ] ระเบียบสำนักงานการตรวจเงินแผ่นดินว่าด้วยการตรวจสอบการปฏิบัติตามกฎหมาย พ.ศ. 2566 (ข้อ ๒๒)
ข้อ ๒๒ เมื่อสำนักซึ่งมีหน้าที่และเขตอำนาจในการตรวจสอบเรื่องร้องเรียนมีคำสั่งรับหรือไม่รับเรื่องไว้ตรวจสอบการปฏิบัติตามกฎหมายแล้ว ต้องจัดให้มีการบันทึกสถานะของเรื่องที่มีการร้องเรียนไว้ในระบบบริหารงานตรวจสอบตามข้อ ๑๗ ด้วย
กรณีที่มีคำสั่งไม่รับเรื่องร้องเรียน ต้องแจ้งให้ผู้ร้องเรียนทราบถึงการไม่รับเรื่องร้องเรียนด้วย
กรณีมีคำสั่งรับเรื่องร้องเรียน ให้สำนักซึ่งมีหน้าที่และเขตอำนาจในการตรวจสอบเรื่องร้องเรียนดำเนินการตามหมวด ๒ ต่อไป
หมวด ๒ การตรวจสอบการปฏิบัติตามกฎหมาย
ส่วนที่ ๑ การมอบหมายเรื่อง และการวางแผนการตรวจสอบ

--- RELATED DOCS ---
[แนวทาง] แนวทางในการบันทึกเรื่องลงทะเบียนคุมเรื่องร้องเรียนและเรื่องที่รับไว้ตรวจสอบ
ด้วยระเบียบสำนักงานการตรวจเงินแผ่นดินว่าด้วยการตรวจสอบการปฏิบัติตามกฎหมาย พ.ศ. ๒๕๖๖ ข้อ ๑๗ กำหนดให้ สำนักซึ่งมีหน้าที่และเขตอำนาจในการตรวจสอบเรื่องร้องเรียน บันทึกเรื่อง ร้องเรียนที่รับไว้เองหรือที่สำนักอื่นจัดส่งมาให้ทุกเรื่อง ลงในระบบบริหารงานตรวจสอบ โดยข้อ ๒๒ กำหนดว่า เมื่อมีคำสั่งรับหรือไม่รับเรื่องร้องเรียนไว้ตรวจสอบการปฏิบัติตามกฎหมายแล้ว ต้องจัดให้มีการบันทึกสถานะ ของเรื่องร้องเรียนไว้ในระบบบริหารงานตรวจสอบ และข้อ ๒๓ กำหนดว่า เมื่อมีกรณีจะต้องตรวจสอบ การปฏิบัติตามกฎหมายในแต่ละประเภทแล้ว สำนักซึ่งมีหน้าที่และเขตอำนาจในการตรวจสอบการปฏิบัติตาม กฎหมายจะต้องจัดให้มีทะเบียนคุมการรับเรื่องไว้ตรวจสอบเพื่อบันทึกสาระสำคัญเกี่ยวกับชื่อเรื่อง วันที่รับ เรื่อง ที่มาของเรื่อง ชื่อผู้รับผิดชอบในการตรวจสอบ ประเด็นที่ตรวจสอบ และสถานะของเรื่องที่ตรวจสอบ ลงในทะเบียนคุมเรื่องที่รับไว้ตรวจสอบของแต่ละสำนักหรือบันทึกลงในระบบบริหารงานตรวจสอบที่สำนักงานกำหนด
[แนวทาง] แนวทางในการบันทึกเรื่องลงทะเบียนคุมเรื่องร้องเรียนและเรื่องที่รับไว้ตรวจสอบ
เพื่อให้เกิดความชัดเจนในการบันทึกทะเบียนคุมเรื่องร้องเรียนและทะเบียนคุมการรับเรื่องไว้ ตรวจสอบการปฏิบัติตามกฎหมาย ประกอบกับระบบบริหารงานตรวจสอบการปฏิบัติตามกฎหมายที่สำนักงาน กำหนดยังจัดทำไม่แล้วเสร็จ จึงเห็นควรกำหนดแนวทางในการดำเนินการในเรื่องดังกล่าว ดังนี้
๑. เมื่อสำนักซึ่งมีหน้าที่และเขตอำนาจในการตรวจสอบเรื่องร้องเรียน ได้รับเรื่องร้องเรียน ไม่ว่าจะเป็นเรื่องที่มีการร้องเรียนเป็นหนังสือ เรื่องที่มีการร้องเรียนผ่านทางเว็บไซต์หรือไปรษณีย์ อิเล็กทรอนิกส์ หรือเรื่องที่มีผู้มาร้องเรียนด้วยตนเอง และไม่ว่าจะเป็นกรณีสำนักซึ่งมีหน้าที่และเขตอำนาจ ในการตรวจสอบเรื่องร้องเรียนรับเรื่องร้องเรียนนั้นไว้เอง หรือสำนักอื่นส่งเรื่องร้องเรียนมาให้เพื่อดำเนินการ ตามหน้าที่และอำนาจก็ตาม ให้สำนักซึ่งมีหน้าที่และเขตอำนาจในการตรวจสอบเรื่องร้องเรียนจัดให้มีทะเบียน คุมเรื่องร้องเรียนของสำนัก (ระเบียบสำนักงานการตรวจเงินแผ่นดินว่าด้วยการตรวจสอบการปฏิบัติตาม กฎหมาย พ.ศ. ๒๕๖๖ ข้อ ๑๗)
ทั้งนี้ ทะเบียนคุมเรื่องร้องเรียนจะต้องมีการระบุ ชื่อเรื่อง/รหัสรับเรื่องร้องเรียน หน่วยรับตรวจ วันที่รับเรื่อง ที่มาของเรื่อง และสถานะเรื่องร้องเรียน ตามตัวอย่างแนบท้ายแนวทางนี้
[แนวทาง] แนวทางในการบันทึกเรื่องลงทะเบียนคุมเรื่องร้องเรียนและเรื่องที่รับไว้ตรวจสอบ
๓. ในกรณีที่มีการรับเรื่องไว้ตรวจสอบการปฏิบัติตามกฎหมาย ไม่ว่าเรื่องนั้นจะมีที่มาจาก การประเมินความเสี่ยง เรื่องร้องเรียน เรื่องที่มาจากการตรวจสอบลักษณะอื่น เรื่องที่ผู้ว่าการตรวจเงิน แผ่นดินสั่งให้ตรวจสอบเฉพาะกรณี หรือเรื่องที่กำหนดไว้ในแผนการตรวจสอบประจำปี แล้วแต่กรณี ให้สำนักซึ่งมีหน้าที่และเขตอำนาจในการตรวจสอบการปฏิบัติตามกฎหมายจัดให้มีทะเบียนคุมการรับเรื่องไว้ ตรวจสอบการปฏิบัติตามกฎหมาย เพื่อบันทึกสาระสำคัญ ประกอบด้วย ชื่อเรื่อง วันที่รับเรื่อง ที่มาของเรื่อง ชื่อผู้รับผิดชอบในการตรวจสอบ ประเด็นที่ตรวจสอบ และสถานะของเรื่องที่ตรวจสอบ (ระเบียบสำนักงาน การตรวจเงินแผ่นดินว่าด้วยการตรวจสอบการปฏิบัติตามกฎหมาย พ.ศ. ๒๕๖๖ ข้อ ๒๓)
ทั้งนี้ การบันทึกสถานะของเรื่องที่รับไว้ตรวจสอบการปฏิบัติตามกฎหมาย ให้บันทึกสถานะของเรื่องให้เป็นปัจจุบันและลงวันเดือนปีในช่องหมายเหตุ เมื่อสถานะมีการ เปลี่ยนแปลงไปจากเดิม พร้อมทั้งลงลายมือชื่อของผู้รับผิดชอบในการตรวจสอบกำกับไว้ด้วย
","[ระเบียบ] ระเบียบสำนักงานการตรวจเงินแผ่นดินว่าด้วยการตรวจสอบการปฏิบัติตามกฎหมาย (ฉบับที่ 2) พ.ศ. 2568 (ข้อ ๓๒)
ข้อ ๓๒ เรื่องใดหากเข้าตรวจสอบแล้วทราบว่าอยู่ในระหว่างขั้นตอนการพิจารณาคดี หรือมีคำพิพากษาของศาลในคดีอาญาหรือในคดีปกครอง หรืออยู่ระหว่างขั้นตอนการดำเนินการ ตามอำนาจหน้าที่ของพนักงานอัยการในคดีอาญาหรือในคดีปกครอง หรืออยู่ในระหว่างการดำเนินการ ตรวจสอบหรือไต่สวนของสำนักงานคณะกรรมการป้องกันและปราบปรามการทุจริตแห่งชาติ สำนักงาน คณะกรรมการป้องกันและปราบปรามการทุจริตในภาครัฐและเป็นเรื่องที่มีข้อเท็จจริงหรือมีประเด็นเดียวกัน กับเรื่องที่ต้องตรวจสอบ ให้สำนักซึ่งมีหน้าที่และเขตอำนาจในการตรวจสอบการปฏิบัติตามกฎหมายสั่งยุติ การตรวจสอบในเรื่องนั้นหรือประเด็นนั้นก็ได้และถ้าเรื่องนั้นเป็นการตรวจสอบที่มาจากการร้องเรียน ให้แจ้งให้ผู้ร้องเรียนทราบด้วย (แก้ไขโดยฉบับที่ ๒ พ.ศ. ๒๕๖๘)
เพื่อประโยชน์ในการพิจารณายุติการตรวจสอบ ให้สำนักซึ่งมีหน้าที่และเขตอำนาจ ในการตรวจสอบเรื่องร้องเรียนมีหนังสือสอบถามไปยังหน่วยงานตามวรรคหนึ่ง หากไม่มีหนังสือตอบกลับ จากหน่วยงานดังกล่าวภายในสามสิบวันทำการนับแต่วันที่มีหนังสือสอบถาม ให้พิจารณาดำเนินการ ตามหมวดนี้ต่อไป (เพิ่มเติมโดยฉบับที่ ๒ พ.ศ. ๒๕๖๘)

--- RELATED DOCS ---
[แนวทาง] แนวทางในการพิจารณายุติการตรวจสอบ
๔. กรณีผู้รับผิดชอบในการตรวจสอบและผู้ช่วยผู้รับผิดชอบในการตรวจสอบได้รับมอบหมาย เรื่องจากผู้อำนวยการสำนัก หรือผู้อำนวยการกลุ่ม หรือหัวหน้ากลุ่มที่ได้รับมอบหมายจากผู้อำนวยการสำนัก ตามระเบียบสำนักงานการตรวจเงินแผ่นดินว่าด้วยการตรวจสอบการปฏิบัติตามกฎหมาย พ.ศ. ๒๕๖๖ ข้อ ๒๔ จะต้องดำเนินการตรวจสอบการปฏิบัติตามกฎหมายทันที โดยจะรอจนกระทั่งหน่วยงานอื่นตามระเบียบฯ ข้อ ๓๒ เข้าตรวจสอบ แล้วจึงเสนอยุติการตรวจสอบ เช่นนี้จะกระทำมิได้
๕. กรณีการตรวจสอบการปฏิบัติตามกฎหมายที่มาจากเรื่องร้องเรียน เมื่อสำนักซึ่งมีหน้าที่และเขตอำนาจในการตรวจสอบ สั่งยุติการตรวจสอบในเรื่องนั้นหรือประเด็นนั้น และปรากฏว่าเรื่องร้องเรียนระบุรายละเอียดเกี่ยวกับ ชื่อ - สกุล และที่อยู่ของผู้ร้องเรียนที่สามารถติดต่อได้ ให้มีหนังสือแจ้งให้ผู้ร้องเรียนทราบด้วย
[แนวทาง] แนวทางในการพิจารณายุติการตรวจสอบ
๒.๑ กรณีอยู่ในขั้นตอนการมอบหมายเรื่อง การกำหนดประเด็นการตรวจสอบ เกณฑ์ที่ใช้ในการตรวจสอบ และแนวทางการตรวจสอบ รวมถึงการรวบรวมพยานหลักฐาน ตามระเบียบสำนักงานการตรวจเงินแผ่นดินว่าด้วยการตรวจสอบการปฏิบัติตามกฎหมาย พ.ศ. ๒๕๖๖ ข้อ ๒๔ ข้อ ๒๕ ข้อ ๒๖ ข้อ ๒๗ ข้อ ๒๘ ข้อ ๒๙ ข้อ ๓๐ ข้อ ๓๑ และ ข้อ ๓๓ ให้สำนักซึ่งมีหน้าที่และเขตอำนาจในการตรวจสอบการปฏิบัติตามกฎหมาย สั่งยุติการตรวจสอบในเรื่องนั้นหรือประเด็นนั้น
๒.๒ กรณีอยู่ในขั้นตอนการเปิดโอกาสให้ผู้รับตรวจหรือเจ้าหน้าที่ของหน่วยรับตรวจ ชี้แจงเหตุผลและแสดงพยานหลักฐาน และการสรุปผลการตรวจสอบ ตามระเบียบสำนักงานการตรวจเงินแผ่นดินว่าด้วยการตรวจสอบการปฏิบัติตามกฎหมาย พ.ศ. ๒๕๖๖ ข้อ ๓๔ และข้อ ๓๕ ให้เป็นดุลพินิจของสำนักซึ่งมีหน้าที่และเขตอำนาจในการตรวจสอบการปฏิบัติตามกฎหมาย ในการที่จะสั่งยุติการตรวจสอบในเรื่องนั้น หรือประเด็นนั้น หรือสั่งให้ดำเนินการตรวจสอบตามหน้าที่และอำนาจต่อไปก็ได้
[แนวทาง] แนวทางในการพิจารณายุติการตรวจสอบ
จึงจะพิจารณายุติการตรวจสอบได้ แต่หากหน่วยงานมีหนังสือตอบกลับมาว่า ได้ตรวจสอบเรื่องดังกล่าว แต่มิใช่ข้อเท็จจริงหรือประเด็นเดียวกันกับเรื่องที่สำนักงานการตรวจเงินแผ่นดินตรวจสอบ สำนักซึ่งมีหน้าที่และเขตอำนาจในการตรวจสอบการปฏิบัติตามกฎหมายต้องดำเนินการตรวจสอบตามหน้าที่และอำนาจต่อไป โดยจะสั่งยุติการตรวจสอบไม่ได้
","(๑) กรณีส่งมาที่ส่วนกลาง ให้สำนักบริหารงานกลางหรือสำนักที่รับเรื่องพิจารณาส่งเรื่องไปให้สำนักซึ่งมีห | ๒๖. สำนักตรวจสอบการปฏิบัติตามกฎหมายที่ ๒ มีหน้าที่และอำนาจตรวจสอบหน่วยรับตรวจ ดังนี้
๒๖.๑ กระทรวงการ",ข้อ 13 | ลำดับที่ 26,ระเบียบสำนักงานการตรวจเงินแผ่นดินว่าด้วยการตรวจสอบการปฏิบัติตามกฎหมาย พ.ศ. 2566 | คำสั่งสำนักงานการตรวจเงินแผ่นดิน ที่ 119/2567 เรื่อง มอบหมายให้ส่วนราชการภายในสำนักงานการตรวจเงินแผ่นดินตรวจสอบหน่วยรับตรวจ,ระเบียบ | คำสั่ง,0,0.0,0.0
หากเรื่องร้องเรียนไม่มีประเด็นที่อยู่ในหน้าที่และอำนาจตรวจสอบของผู้ว่าการ ตามข้อ 18(1) ให้ดำเนินการอย่างไร,"[ระเบียบ] ระเบียบสำนักงานการตรวจเงินแผ่นดินว่าด้วยการตรวจสอบการปฏิบัติตามกฎหมาย พ.ศ. 2566 (ข้อ ๒๑_p3)
ทั้งนี้ กรณีเรื่องร้องเรียนกล่าวหาว่าทุจริตเกี่ยวกับการใช้จ่ายเงินแผ่นดิน ซึ่งเป็นเรื่องที่อยู่ในหน้าที่และอำนาจของผู้ว่าการและเข้าลักษณะอยู่ในหน้าที่และอำนาจขององค์กรอิสระอื่นด้วย หากไม่ใช่กรณีความผิดตามกฎหมายใน (๓) ให้ดำเนินการตรวจสอบตามหน้าที่และอำนาจต่อไปภายใต้หลักเกณฑ์และเงื่อนไขการรับเรื่องร้องเรียนไว้ตรวจสอบตามข้อ ๑๘ ข้อ ๑๙ และข้อ ๒๐

--- RELATED DOCS ---
[แนวทาง] แนวทางในการส่งเรื่องร้องเรียนให้องค์กรอิสระอื่นดำเนินการตามหน้าที่และอำนาจ
กรณีที่ ๒ เรื่องร้องเรียนไม่มีประเด็นใดอยู่ในหน้าที่และอำนาจตรวจสอบของผู้ว่าการตรวจเงินแผ่นดินตามพระราชบัญญัติประกอบรัฐธรรมนูญว่าด้วยการตรวจเงินแผ่นดิน พ.ศ. ๒๕๖๑ แต่เป็นเรื่องที่อยู่ในหน้าที่และอำนาจขององค์กรอิสระอื่น
กรณีนี้จึงต้องพิจารณาไม่รับเรื่องไว้ตรวจสอบตามข้อ ๑๘ (๑) ของระเบียบฯ แต่ต้องส่งเรื่องหรือประเด็นที่อยู่ในหน้าที่และอำนาจขององค์กรอิสระอื่นไปให้องค์กรอิสระอื่น ที่มีหน้าที่และอำนาจเพื่อพิจารณาดำเนินการต่อไป โดยให้จัดส่งต้นฉบับเรื่องร้องเรียนพร้อมเอกสารหลักฐานที่เกี่ยวข้อง โดยในการส่งเรื่องให้เสนอผู้ว่าการตรวจเงินแผ่นดินเพื่อเสนอคณะกรรมการตรวจเงินแผ่นดินพิจารณาส่งเรื่องหรือประเด็นที่อยู่ในหน้าที่และอำนาจขององค์กรอิสระอื่นไปให้องค์กรอิสระนั้นพิจารณาดำเนินการต่อไปโดยไม่ชักช้า ตามมาตรา ๖ วรรคหนึ่ง แห่งพระราชบัญญัติประกอบรัฐธรรมนูญว่าด้วยการตรวจเงินแผ่นดิน พ.ศ. ๒๕๖๑ และประกาศองค์กรอิสระฯ ข้อ ๔ และข้อ ๘
[แนวทาง] แนวทางในการส่งเรื่องร้องเรียนให้องค์กรอิสระอื่นดำเนินการตามหน้าที่และอำนาจ
เรื่องที่ร้องเรียนมีประเด็นเดียวและเป็นการร้องเรียนเกี่ยวกับการทุจริตซึ่งอยู่ในหน้าที่และอำนาจตรวจสอบของผู้ว่าการตรวจเงินแผ่นดินตามพระราชบัญญัติประกอบรัฐธรรมนูญว่าด้วยการตรวจเงินแผ่นดินและอยู่ในหน้าที่และอำนาจของคณะกรรมการป้องกันและปราบปรามการทุจริตแห่งชาติด้วย แต่กรณีนี้ มิใช่เรื่องความผิดตามกฎหมายว่าด้วยการเสนอราคาต่อหน่วยงานของรัฐ จึงต้องพิจารณาหลักเกณฑ์และเงื่อนไข การรับเรื่องไว้ตรวจสอบตามข้อ ๑๘ ข้อ ๑๙ และข้อ ๒๐ ตามปกติ ซึ่งหากเรื่องนี้เข้าหลักเกณฑ์และเงื่อนไขการรับ เรื่องไว้ตรวจสอบตามตามข้อ ๑๘ และข้อ ๑๙ แล้ว และคณะกรรมการป้องกันและปราบปรามการทุจริตแห่งชาติ ยังมิได้มีการตรวจสอบหรือไต่สวนเรื่องดังกล่าวตามข้อ ๒๐ ก็จะต้องพิจารณารับเรื่องดังกล่าวไว้ตรวจสอบ และ ดำเนินการตรวจสอบต่อไปจะไม่มีกรณีส่งเรื่องหรือส่งประเด็นไปให้คณะกรรมการป้องกันและปราบปรามการ ทุจริตแห่งชาติดำเนินการแต่อย่างใด จนกว่าจะตรวจสอบแล้วเสร็จและพบว่า มีการทุจริตหรือประพฤติมิชอบ ก่อให้เกิดความเสียหายจึงจะแจ้งผลการตรวจสอบตามมาตรา ๗ หรือมาตรา ๙๕ วรรคสองให้คณะกรรมการ ป้องกันและปราบปรามการทุจริตแห่งชาติ ดำเนินการตามหน้าที่และอำนาจต่อไป
[แนวทาง] แนวทางในการส่งเรื่องร้องเรียนให้องค์กรอิสระอื่นดำเนินการตามหน้าที่และอำนาจ
ว่าด้วยการตรวจเงินแผ่นดิน ก็ให้ดำเนินการตรวจสอบตามหน้าที่และอำนาจต่อไป ภายใต้หลักเกณฑ์และเงื่อนไข การรับเรื่องร้องเรียนไว้ตรวจสอบ ตามข้อ ๑๘ ข้อ ๑๙ และข้อ ๒๐
","[ระเบียบ] ระเบียบสำนักงานการตรวจเงินแผ่นดินว่าด้วยการตรวจสอบการปฏิบัติตามกฎหมาย (ฉบับที่ 2) พ.ศ. 2568 (ข้อ ๑๘)
ข้อ ๑๘ ในการพิจารณารับเรื่องร้องเรียนไว้ตรวจสอบการปฏิบัติตามกฎหมาย ให้สำนัก ซึ่งมีหน้าที่และเขตอำนาจในการตรวจสอบเรื่องร้องเรียนพิจารณาว่าเรื่องที่ร้องเรียนเข้าหลักเกณฑ์ ดังต่อไปนี้หรือไม่
(๑) เป็นเรื่องที่อยู่ในหน้าที่และอำนาจตรวจสอบของผู้ว่าการตามพระราชบัญญัติประกอบรัฐธรรมนูญ ว่าด้วยการตรวจเงินแผ่นดิน พ.ศ. ๒๕๖๑
(๒) เป็นเรื่องที่เกิดขึ้นมาแล้วไม่เกินห้าปีนับแต่วันที่เกิดเหตุจนถึงวันที่สำนักงานรับเรื่อง
(๓) เป็นเรื่องที่ระบุรายละเอียดเกี่ยวกับชื่อ หรือตำแหน่งของเจ้าหน้าที่หน่วยรับตรวจผู้ถูกร้องเรียน หรือชื่อหน่วยรับตรวจ หรือบุคคลที่เกี่ยวข้อง วัน เวลา หรือช่วงเวลา สถานที่ที่มีการกระทำผิด และพฤติการณ์แห่งการกระทำความผิด ซึ่งเพียงพอที่จะตรวจสอบได้
(๔) เป็นเรื่องที่ผู้ว่าการหรือผู้ที่ผู้ว่าการมอบหมายยังไม่เคยแจ้งผลการตรวจสอบให้หน่วยรับตรวจ หรือหน่วยงานที่เกี่ยวข้องดำเนินการตามกฎหมายประกอบรัฐธรรมนูญว่าด้วยการตรวจเงินแผ่นดินมาก่อน
ในการพิจารณาหลักเกณฑ์ตามวรรคหนึ่ง หากขาดหลักเกณฑ์ข้อหนึ่งข้อใดให้มีคำสั่งไม่รับเรื่องร้องเรียน ไว้ตรวจสอบ แต่หากเข้าหลักเกณฑ์ทุกข้อ ให้พิจารณาเงื่อนไขตามข้อ ๒๐ ก่อนรับเรื่องร้องเรียนไว้ตรวจสอบ

--- RELATED DOCS ---
[แนวทาง] แนวทางการรับเรื่องร้องเรียนหรือบัตรสนเท่ห์ไว้ตรวจสอบ
ข้อ ๑๘ ในการพิจารณารับเรื่องร้องเรียนไว้ตรวจสอบการปฏิบัติตามกฎหมาย ให้สำนักซึ่งมีหน้าที่และเขตอำนาจในการตรวจสอบเรื่องร้องเรียนพิจารณาว่าเรื่องที่ร้องเรียนเข้าหลักเกณฑ์ ดังต่อไปนี้ หรือไม่
(๑) เป็นเรื่องที่อยู่ในหน้าที่และอำนาจตรวจสอบของผู้ว่าการตามพระราชบัญญัติประกอบรัฐธรรมนูญว่าด้วยการตรวจเงินแผ่นดิน พ.ศ. ๒๕๖๑
(๒) เป็นเรื่องที่เกิดขึ้นมาแล้วไม่เกินห้าปีนับแต่วันที่เกิดเหตุจนถึงวันที่สำนักงานรับเรื่อง
(๓) เป็นเรื่องที่ระบุรายละเอียดเกี่ยวกับชื่อ หรือตำแหน่งของเจ้าหน้าที่หน่วยรับตรวจ ผู้ถูกร้องเรียน หรือชื่อหน่วยรับตรวจ หรือบุคคลที่เกี่ยวข้อง วัน เวลา หรือช่วงเวลา สถานที่ที่มีการกระทำผิด และพฤติการณ์แห่งการกระทำความผิด ซึ่งเพียงพอที่จะตรวจสอบได้
(๔) เป็นเรื่องที่ผู้ว่าการหรือผู้ที่ผู้ว่าการมอบหมายยังไม่เคยแจ้งผลการตรวจสอบให้หน่วยรับตรวจ หรือหน่วยงานที่เกี่ยวข้องดำเนินการตามกฎหมายประกอบรัฐธรรมนูญว่าด้วยการตรวจเงินแผ่นดินมาก่อน
ในการพิจารณาหลักเกณฑ์ตามวรรคหนึ่ง หากขาดหลักเกณฑ์ข้อหนึ่งข้อใดให้มีคำสั่งไม่รับเรื่องร้องเรียนไว้ตรวจสอบ แต่หากเข้าหลักเกณฑ์ทุกข้อ ให้พิจารณาเงื่อนไขตามข้อ ๒๐ ก่อนรับเรื่องร้องเรียนไว้ตรวจสอบ
วิธีการและแนวทางในการตรวจสอบ ตามข้อ ๑๘
[แนวทาง] แนวทางการรับเรื่องร้องเรียนหรือบัตรสนเท่ห์ไว้ตรวจสอบ
อนึ่ง แม้เรื่องร้องเรียนดังกล่าวจะไม่อยู่ในหน้าที่และอำนาจในการตรวจสอบของผู้ว่าการ ตรวจเงินแผ่นดิน แต่หากปรากฏว่าเรื่องร้องเรียนนั้นอยู่ในหน้าที่และอำนาจตรวจสอบขององค์กรอิสระอื่น ตามมาตรา ๖ แห่งพระราชบัญญัติประกอบรัฐธรรมนูญว่าด้วยการตรวจเงินแผ่นดิน พ.ศ. ๒๕๖๑ ให้พิจารณา ดำเนินการตามระเบียบสำนักงานการตรวจเงินแผ่นดินว่าด้วยการตรวจสอบการปฏิบัติตามกฎหมาย พ.ศ. ๒๕๖๖ ข้อ ๒๑ ต่อไป
[แนวทาง] แนวทางการรับเรื่องร้องเรียนหรือบัตรสนเท่ห์ไว้ตรวจสอบ
วิธีการและแนวทางในการตรวจสอบ ตามข้อ ๑๘
เมื่อสำนักซึ่งมีหน้าที่และเขตอำนาจในการตรวจสอบเรื่องร้องเรียนได้รับเรื่องร้องเรียนต้องพิจารณาเรื่องร้องเรียนดังกล่าวก่อนว่าเป็นเรื่องที่เข้าหลักเกณฑ์ตามข้อ ๑๘ หรือไม่ หากขาดหลักเกณฑ์ข้อหนึ่งข้อใดให้มีคำสั่งไม่รับเรื่องร้องเรียนไว้ตรวจสอบ แต่หากเข้าหลักเกณฑ์ทุกข้อ ให้พิจารณาเงื่อนไขตามข้อ ๒๐ ก่อนรับเรื่องร้องเรียนไว้ตรวจสอบ
ทั้งนี้ หลักเกณฑ์และเงื่อนไขการรับเรื่องร้องเรียนตามที่กำหนดไว้ในข้อ ๑๘ มีสาระสำคัญดังนี้
","[ระเบียบ] ระเบียบสำนักงานการตรวจเงินแผ่นดินว่าด้วยการตรวจสอบการปฏิบัติตามกฎหมาย พ.ศ. 2566 (ข้อ ๑๘)
ข้อ ๑๘ ในการพิจารณารับเรื่องร้องเรียนไว้ตรวจสอบการปฏิบัติตามกฎหมาย ให้สำนักซึ่งมีหน้าที่และเขตอำนาจในการตรวจสอบเรื่องร้องเรียนพิจารณาว่าเรื่องที่ร้องเรียนเข้าหลักเกณฑ์ ดังต่อไปนี้หรือไม่
(๑) เป็นเรื่องที่อยู่ในหน้าที่และอำนาจตรวจสอบของผู้ว่าการตามพระราชบัญญัติประกอบรัฐธรรมนูญว่าด้วยการตรวจเงินแผ่นดิน พ.ศ. ๒๕๖๑
(๒) เป็นเรื่องที่เกิดขึ้นมาแล้วไม่เกินห้าปีนับแต่วันที่เกิดเหตุจนถึงวันที่สำนักงานรับเรื่อง
(๓) เป็นเรื่องที่ระบุรายละเอียดเกี่ยวกับชื่อ หรือตำแหน่งของเจ้าหน้าที่หน่วยรับตรวจผู้ถูกร้องเรียนหรือชื่อหน่วยรับตรวจ หรือบุคคลที่เกี่ยวข้อง วัน เวลา หรือช่วงเวลา สถานที่ที่มีการกระทำผิดและพฤติการณ์แห่งการกระทำความผิด ซึ่งเพียงพอที่จะตรวจสอบได้
(๔) เป็นเรื่องที่ผู้ว่าการหรือผู้ที่ผู้ว่าการมอบหมายยังไม่เคยแจ้งผลการตรวจสอบให้หน่วยรับตรวจหรือหน่วยงานที่เกี่ยวข้องดำเนินการตามกฎหมายประกอบรัฐธรรมนูญว่าด้วยการตรวจเงินแผ่นดินมาก่อน
ในการพิจารณาหลักเกณฑ์ตามวรรคหนึ่ง หากขาดหลักเกณฑ์ข้อหนึ่งข้อใดให้มีคำสั่งไม่รับเรื่องร้องเรียนไว้ตรวจสอบ แต่หากเข้าหลักเกณฑ์ทุกข้อ ให้พิจารณาเงื่อนไขตามข้อ ๒๐ ก่อนรับเรื่องร้องเรียนไว้ตรวจสอบ

--- RELATED DOCS ---
[แนวทาง] แนวทางการรับเรื่องร้องเรียนหรือบัตรสนเท่ห์ไว้ตรวจสอบ
ข้อ ๑๘ ในการพิจารณารับเรื่องร้องเรียนไว้ตรวจสอบการปฏิบัติตามกฎหมาย ให้สำนักซึ่งมีหน้าที่และเขตอำนาจในการตรวจสอบเรื่องร้องเรียนพิจารณาว่าเรื่องที่ร้องเรียนเข้าหลักเกณฑ์ ดังต่อไปนี้ หรือไม่
(๑) เป็นเรื่องที่อยู่ในหน้าที่และอำนาจตรวจสอบของผู้ว่าการตามพระราชบัญญัติประกอบรัฐธรรมนูญว่าด้วยการตรวจเงินแผ่นดิน พ.ศ. ๒๕๖๑
(๒) เป็นเรื่องที่เกิดขึ้นมาแล้วไม่เกินห้าปีนับแต่วันที่เกิดเหตุจนถึงวันที่สำนักงานรับเรื่อง
(๓) เป็นเรื่องที่ระบุรายละเอียดเกี่ยวกับชื่อ หรือตำแหน่งของเจ้าหน้าที่หน่วยรับตรวจ ผู้ถูกร้องเรียน หรือชื่อหน่วยรับตรวจ หรือบุคคลที่เกี่ยวข้อง วัน เวลา หรือช่วงเวลา สถานที่ที่มีการกระทำผิด และพฤติการณ์แห่งการกระทำความผิด ซึ่งเพียงพอที่จะตรวจสอบได้
(๔) เป็นเรื่องที่ผู้ว่าการหรือผู้ที่ผู้ว่าการมอบหมายยังไม่เคยแจ้งผลการตรวจสอบให้หน่วยรับตรวจ หรือหน่วยงานที่เกี่ยวข้องดำเนินการตามกฎหมายประกอบรัฐธรรมนูญว่าด้วยการตรวจเงินแผ่นดินมาก่อน
ในการพิจารณาหลักเกณฑ์ตามวรรคหนึ่ง หากขาดหลักเกณฑ์ข้อหนึ่งข้อใดให้มีคำสั่งไม่รับเรื่องร้องเรียนไว้ตรวจสอบ แต่หากเข้าหลักเกณฑ์ทุกข้อ ให้พิจารณาเงื่อนไขตามข้อ ๒๐ ก่อนรับเรื่องร้องเรียนไว้ตรวจสอบ
วิธีการและแนวทางในการตรวจสอบ ตามข้อ ๑๘
[แนวทาง] แนวทางการรับเรื่องร้องเรียนหรือบัตรสนเท่ห์ไว้ตรวจสอบ
อนึ่ง แม้เรื่องร้องเรียนดังกล่าวจะไม่อยู่ในหน้าที่และอำนาจในการตรวจสอบของผู้ว่าการ ตรวจเงินแผ่นดิน แต่หากปรากฏว่าเรื่องร้องเรียนนั้นอยู่ในหน้าที่และอำนาจตรวจสอบขององค์กรอิสระอื่น ตามมาตรา ๖ แห่งพระราชบัญญัติประกอบรัฐธรรมนูญว่าด้วยการตรวจเงินแผ่นดิน พ.ศ. ๒๕๖๑ ให้พิจารณา ดำเนินการตามระเบียบสำนักงานการตรวจเงินแผ่นดินว่าด้วยการตรวจสอบการปฏิบัติตามกฎหมาย พ.ศ. ๒๕๖๖ ข้อ ๒๑ ต่อไป
[แนวทาง] แนวทางการรับเรื่องร้องเรียนหรือบัตรสนเท่ห์ไว้ตรวจสอบ
วิธีการและแนวทางในการตรวจสอบ ตามข้อ ๑๘
เมื่อสำนักซึ่งมีหน้าที่และเขตอำนาจในการตรวจสอบเรื่องร้องเรียนได้รับเรื่องร้องเรียนต้องพิจารณาเรื่องร้องเรียนดังกล่าวก่อนว่าเป็นเรื่องที่เข้าหลักเกณฑ์ตามข้อ ๑๘ หรือไม่ หากขาดหลักเกณฑ์ข้อหนึ่งข้อใดให้มีคำสั่งไม่รับเรื่องร้องเรียนไว้ตรวจสอบ แต่หากเข้าหลักเกณฑ์ทุกข้อ ให้พิจารณาเงื่อนไขตามข้อ ๒๐ ก่อนรับเรื่องร้องเรียนไว้ตรวจสอบ
ทั้งนี้ หลักเกณฑ์และเงื่อนไขการรับเรื่องร้องเรียนตามที่กำหนดไว้ในข้อ ๑๘ มีสาระสำคัญดังนี้
",๑) ให้พิจารณาว่าเป็นเรื่องที่อยู่ในหน้าที่และอำนาจดำเนินการขององค์กรอิสระอื่นหรือไม่ หากใช้ให้เสนอผู,ข้อ 21,ระเบียบสำนักงานการตรวจเงินแผ่นดินว่าด้วยการตรวจสอบการปฏิบัติตามกฎหมาย พ.ศ. 2566,ระเบียบ,0,0.0,0.0
ในการตรวจสอบการปฏิบัติตามกฎหมาย กรณีมีเขตอำนาจทับซ้อน หรือเกี่ยวเนื่อง หรือเกี่ยวพันกันระหว่างสำนักตรวจสอบในส่วนกลาง กับสำนักตรวจสอบในส่วนภูมิภาค ต้องดำเนินการอย่างไร,"[ระเบียบ] ระเบียบสำนักงานการตรวจเงินแผ่นดินว่าด้วยการตรวจสอบการปฏิบัติตามกฎหมาย พ.ศ. 2566 (ข้อ ๔๙_p4)
ในกรณีที่มีการส่งเรื่องคืนให้สำนักตรวจสอบลักษณะอื่นตามข้อ ๓๔ แห่งระเบียบสำนักงานการตรวจเงินแผ่นดินว่าด้วยการตรวจสอบกรณีพิเศษและการเสนอเรื่องความผิดวินัยการเงินการคลังของรัฐ พ.ศ. ๒๕๖๒ ก่อนระเบียบนี้ใช้บังคับ ให้สำนักตรวจสอบลักษณะอื่นที่ได้รับเรื่องคืนนั้นเป็นสำนัก ซึ่งมีหน้าที่และเขตอำนาจในการตรวจสอบ และให้ดำเนินการตรวจสอบการปฏิบัติตามกฎหมายต่อไป ตามขั้นตอนที่กำหนดไว้ในระเบียบนี้ โดยให้นำความใน (๑) (ข) มาบังคับใช้โดยอนุโลม ทั้งนี้ หากในการส่งเรื่องคืนยังมิได้มีการส่งสำนวนการตรวจสอบและพยานหลักฐานที่เกี่ยวข้อง ให้สำนักตรวจสอบลักษณะอื่น ก็ให้ส่งสำนวนการตรวจสอบและพยานหลักฐานที่เกี่ยวข้องทั้งหมดคืนกลับไปด้วย
(๒) กรณีเป็นเรื่องที่อยู่ระหว่างดำเนินการตรวจสอบกรณีพิเศษตามระเบียบสำนักงานการตรวจเงินแผ่นดินว่าด้วยการตรวจสอบกรณีพิเศษและการเสนอเรื่องความผิดวินัยการเงินการคลังของรัฐ พ.ศ. ๒๕๖๒ ให้สำนักซึ่งมีหน้าที่และเขตอำนาจในการตรวจสอบดำเนินการในขั้นตอนต่อไป ตามที่กำหนดไว้ในระเบียบนี้เฉพาะในส่วนที่ยังไม่ได้ดำเนินการ โดยให้ถือว่าการดำเนินการก่อนหน้านี้เป็นการดำเนินการที่ชอบด้วยระเบียบนี้","[ระเบียบ] ระเบียบสำนักงานการตรวจเงินแผ่นดินว่าด้วยการตรวจสอบการปฏิบัติตามกฎหมาย (ฉบับที่ 2) พ.ศ. 2568 (ข้อ ๔๙_p4)
ในกรณีที่มีการส่งเรื่องคืนให้สำนักตรวจสอบลักษณะอื่นตามข้อ ๓๔ แห่งระเบียบสำนักงาน การตรวจเงินแผ่นดินว่าด้วยการตรวจสอบกรณีพิเศษและการเสนอเรื่องความผิดวินัยการเงินการคลัง ของรัฐ พ.ศ. ๒๕๖๒ ก่อนระเบียบนี้ใช้บังคับ ให้สำนักตรวจสอบลักษณะอื่นที่ได้รับเรื่องคืนนั้นเป็นสำนัก ซึ่งมีหน้าที่และเขตอำนาจในการตรวจสอบ และให้ดำเนินการตรวจสอบการปฏิบัติตามกฎหมายต่อไป ตามขั้นตอนที่กำหนดไว้ในระเบียบนี้ โดยให้นำความใน (๑) (ข) มาบังคับใช้โดยอนุโลม ทั้งนี้ หากในการส่งเรื่องคืนยังมิได้มีการส่งสำนวนการตรวจสอบและพยานหลักฐานที่เกี่ยวข้อง ให้สำนักตรวจสอบลักษณะอื่น ก็ให้ส่งสำนวนการตรวจสอบและพยานหลักฐานที่เกี่ยวข้องทั้งหมด คืนกลับไปด้วย
(๒) กรณีเป็นเรื่องที่อยู่ระหว่างดำเนินการตรวจสอบกรณีพิเศษตามระเบียบสำนักงาน การตรวจเงินแผ่นดินว่าด้วยการตรวจสอบกรณีพิเศษและการเสนอเรื่องความผิดวินัยการเงินการคลังของรัฐ พ.ศ. ๒๕๖๒ ให้สำนักซึ่งมีหน้าที่และเขตอำนาจในการตรวจสอบดำเนินการในขั้นตอนต่อไป ตามที่กำหนดไว้ในระเบียบนี้เฉพาะในส่วนที่ยังไม่ได้ดำเนินการ โดยให้ถือว่าการดำเนินการก่อนหน้านี้ เป็นการดำเนินการที่ชอบด้วยระเบียบนี้","[ระเบียบ] ระเบียบสำนักงานการตรวจเงินแผ่นดินว่าด้วยการตรวจสอบการปฏิบัติตามกฎหมาย พ.ศ. 2566 (ข้อ ๒๓)
ข้อ ๒๓ เมื่อมีกรณีจะต้องตรวจสอบการปฏิบัติตามกฎหมายในแต่ละประเภทตามข้อ ๘ ให้สำนักซึ่งมีหน้าที่และเขตอำนาจในการตรวจสอบการปฏิบัติตามกฎหมาย จัดให้มีทะเบียนคุมการรับเรื่องไว้ตรวจสอบเพื่อบันทึกสาระสำคัญเกี่ยวกับชื่อเรื่อง วันที่รับเรื่อง ที่มาของเรื่อง ชื่อผู้รับผิดชอบในการตรวจสอบ ประเด็นที่ตรวจสอบและสถานะของเรื่องที่ตรวจสอบลงในทะเบียนคุมเรื่องที่รับไว้ตรวจสอบของแต่ละสำนักหรือบันทึกลงในระบบบริหารงานตรวจสอบที่สำนักงานกำหนด เพื่อประโยชน์ในการกำกับและติดตามสถานะของการตรวจสอบในภาพรวมต่อไป

--- RELATED DOCS ---
[แนวทาง] แนวทางในการบันทึกเรื่องลงทะเบียนคุมเรื่องร้องเรียนและเรื่องที่รับไว้ตรวจสอบ
ด้วยระเบียบสำนักงานการตรวจเงินแผ่นดินว่าด้วยการตรวจสอบการปฏิบัติตามกฎหมาย พ.ศ. ๒๕๖๖ ข้อ ๑๗ กำหนดให้ สำนักซึ่งมีหน้าที่และเขตอำนาจในการตรวจสอบเรื่องร้องเรียน บันทึกเรื่อง ร้องเรียนที่รับไว้เองหรือที่สำนักอื่นจัดส่งมาให้ทุกเรื่อง ลงในระบบบริหารงานตรวจสอบ โดยข้อ ๒๒ กำหนดว่า เมื่อมีคำสั่งรับหรือไม่รับเรื่องร้องเรียนไว้ตรวจสอบการปฏิบัติตามกฎหมายแล้ว ต้องจัดให้มีการบันทึกสถานะ ของเรื่องร้องเรียนไว้ในระบบบริหารงานตรวจสอบ และข้อ ๒๓ กำหนดว่า เมื่อมีกรณีจะต้องตรวจสอบ การปฏิบัติตามกฎหมายในแต่ละประเภทแล้ว สำนักซึ่งมีหน้าที่และเขตอำนาจในการตรวจสอบการปฏิบัติตาม กฎหมายจะต้องจัดให้มีทะเบียนคุมการรับเรื่องไว้ตรวจสอบเพื่อบันทึกสาระสำคัญเกี่ยวกับชื่อเรื่อง วันที่รับ เรื่อง ที่มาของเรื่อง ชื่อผู้รับผิดชอบในการตรวจสอบ ประเด็นที่ตรวจสอบ และสถานะของเรื่องที่ตรวจสอบ ลงในทะเบียนคุมเรื่องที่รับไว้ตรวจสอบของแต่ละสำนักหรือบันทึกลงในระบบบริหารงานตรวจสอบที่สำนักงานกำหนด
[แนวทาง] แนวทางในการบันทึกเรื่องลงทะเบียนคุมเรื่องร้องเรียนและเรื่องที่รับไว้ตรวจสอบ
๓. ในกรณีที่มีการรับเรื่องไว้ตรวจสอบการปฏิบัติตามกฎหมาย ไม่ว่าเรื่องนั้นจะมีที่มาจาก การประเมินความเสี่ยง เรื่องร้องเรียน เรื่องที่มาจากการตรวจสอบลักษณะอื่น เรื่องที่ผู้ว่าการตรวจเงิน แผ่นดินสั่งให้ตรวจสอบเฉพาะกรณี หรือเรื่องที่กำหนดไว้ในแผนการตรวจสอบประจำปี แล้วแต่กรณี ให้สำนักซึ่งมีหน้าที่และเขตอำนาจในการตรวจสอบการปฏิบัติตามกฎหมายจัดให้มีทะเบียนคุมการรับเรื่องไว้ ตรวจสอบการปฏิบัติตามกฎหมาย เพื่อบันทึกสาระสำคัญ ประกอบด้วย ชื่อเรื่อง วันที่รับเรื่อง ที่มาของเรื่อง ชื่อผู้รับผิดชอบในการตรวจสอบ ประเด็นที่ตรวจสอบ และสถานะของเรื่องที่ตรวจสอบ (ระเบียบสำนักงาน การตรวจเงินแผ่นดินว่าด้วยการตรวจสอบการปฏิบัติตามกฎหมาย พ.ศ. ๒๕๖๖ ข้อ ๒๓)
ทั้งนี้ การบันทึกสถานะของเรื่องที่รับไว้ตรวจสอบการปฏิบัติตามกฎหมาย ให้บันทึกสถานะของเรื่องให้เป็นปัจจุบันและลงวันเดือนปีในช่องหมายเหตุ เมื่อสถานะมีการ เปลี่ยนแปลงไปจากเดิม พร้อมทั้งลงลายมือชื่อของผู้รับผิดชอบในการตรวจสอบกำกับไว้ด้วย
[แนวทาง] แนวทางในการบันทึกเรื่องลงทะเบียนคุมเรื่องร้องเรียนและเรื่องที่รับไว้ตรวจสอบ
เพื่อให้เกิดความชัดเจนในการบันทึกทะเบียนคุมเรื่องร้องเรียนและทะเบียนคุมการรับเรื่องไว้ ตรวจสอบการปฏิบัติตามกฎหมาย ประกอบกับระบบบริหารงานตรวจสอบการปฏิบัติตามกฎหมายที่สำนักงาน กำหนดยังจัดทำไม่แล้วเสร็จ จึงเห็นควรกำหนดแนวทางในการดำเนินการในเรื่องดังกล่าว ดังนี้
๑. เมื่อสำนักซึ่งมีหน้าที่และเขตอำนาจในการตรวจสอบเรื่องร้องเรียน ได้รับเรื่องร้องเรียน ไม่ว่าจะเป็นเรื่องที่มีการร้องเรียนเป็นหนังสือ เรื่องที่มีการร้องเรียนผ่านทางเว็บไซต์หรือไปรษณีย์ อิเล็กทรอนิกส์ หรือเรื่องที่มีผู้มาร้องเรียนด้วยตนเอง และไม่ว่าจะเป็นกรณีสำนักซึ่งมีหน้าที่และเขตอำนาจ ในการตรวจสอบเรื่องร้องเรียนรับเรื่องร้องเรียนนั้นไว้เอง หรือสำนักอื่นส่งเรื่องร้องเรียนมาให้เพื่อดำเนินการ ตามหน้าที่และอำนาจก็ตาม ให้สำนักซึ่งมีหน้าที่และเขตอำนาจในการตรวจสอบเรื่องร้องเรียนจัดให้มีทะเบียน คุมเรื่องร้องเรียนของสำนัก (ระเบียบสำนักงานการตรวจเงินแผ่นดินว่าด้วยการตรวจสอบการปฏิบัติตาม กฎหมาย พ.ศ. ๒๕๖๖ ข้อ ๑๗)
ทั้งนี้ ทะเบียนคุมเรื่องร้องเรียนจะต้องมีการระบุ ชื่อเรื่อง/รหัสรับเรื่องร้องเรียน หน่วยรับตรวจ วันที่รับเรื่อง ที่มาของเรื่อง และสถานะเรื่องร้องเรียน ตามตัวอย่างแนบท้ายแนวทางนี้
",ข้อ ๖ ในการตรวจสอบการปฏิบัติตามกฎหมาย กรณีมีเขตอำนาจทับซ้อน หรือเกี่ยวเนื่อง หรือเกี่ยวพันกันระหว่าง,ข้อ 6,คำสั่งสำนักงานการตรวจเงินแผ่นดิน ที่ 267/2567 เรื่อง มอบหมายมอบอำนาจให้สำนักงานตรวจเงินแผ่นดินภูมิภาคและสำนักตรวจเงินแผ่นดินจังหวัดตรวจสอบการปฏิบัติตามกฎหมาย การแจ้งผลการตรวจสอบ และการติดตามผลการตรวจสอบ,คำสั่ง,0,0.0,0.0
